Tweet No:	 <News Label,Percentage>
1:	 <3,0.00>	 <14,0.00>	 <17,0.00>	 <43,0.06>	 <46,0.12>	 <61,0.00>	 <99,0.82>	
2:	 <3,0.00>	 <14,0.00>	 <17,0.00>	 <43,0.00>	 <46,0.82>	 <61,0.00>	 <99,0.18>	
3:	 <3,0.00>	 <14,0.88>	 <17,0.00>	 <43,0.00>	 <46,0.00>	 <61,0.00>	 <99,0.12>	
4:	 <3,0.06>	 <14,0.00>	 <17,0.00>	 <43,0.94>	 <46,0.00>	 <61,0.00>	 <99,0.00>	
5:	 <3,0.12>	 <14,0.00>	 <17,0.00>	 <43,0.00>	 <46,0.12>	 <61,0.00>	 <99,0.76>	
6:	 <3,0.06>	 <14,0.00>	 <17,0.00>	 <43,0.00>	 <46,0.06>	 <61,0.00>	 <99,0.88>	
7:	 <3,0.00>	 <14,0.06>	 <17,0.00>	 <43,0.00>	 <46,0.00>	 <61,0.00>	 <99,0.94>	
8:	 <3,0.00>	 <14,1.00>	 <17,0.00>	 <43,0.00>	 <46,0.00>	 <61,0.00>	 <99,0.00>	
9:	 <3,0.00>	 <14,0.00>	 <17,0.00>	 <43,0.00>	 <46,0.00>	 <61,0.00>	 <99,1.00>	
10:	 <3,0.00>	 <14,0.00>	 <17,0.00>	 <43,0.00>	 <46,0.00>	 <61,1.00>	 <99,0.00>	
11:	 <3,0.00>	 <14,0.00>	 <17,0.00>	 <43,0.00>	 <46,0.00>	 <61,0.06>	 <99,0.94>	
12:	 <3,0.00>	 <14,0.00>	 <17,0.00>	 <43,0.00>	 <46,0.06>	 <61,0.00>	 <99,0.94>	
13:	 <3,0.00>	 <14,0.00>	 <17,0.00>	 <43,0.00>	 <46,1.00>	 <61,0.00>	 <99,0.00>	
14:	 <3,0.00>	 <14,0.00>	 <17,0.00>	 <43,0.00>	 <46,0.00>	 <61,0.00>	 <99,1.00>	
15:	 <3,0.18>	 <14,0.00>	 <17,0.00>	 <43,0.00>	 <46,0.00>	 <61,0.00>	 <99,0.82>	
16:	 <3,1.00>	 <14,0.00>	 <17,0.00>	 <43,0.00>	 <46,0.00>	 <61,0.00>	 <99,0.00>	
17:	 <3,0.00>	 <14,0.00>	 <17,0.00>	 <43,0.00>	 <46,0.00>	 <61,0.00>	 <99,1.00>	
18:	 <3,0.00>	 <14,0.00>	 <17,0.00>	 <43,1.00>	 <46,0.00>	 <61,0.00>	 <99,0.00>	
19:	 <3,0.18>	 <14,0.00>	 <17,0.00>	 <43,0.00>	 <46,0.00>	 <61,0.00>	 <99,0.82>	
20:	 <3,0.00>	 <14,1.00>	 <17,0.00>	 <43,0.00>	 <46,0.00>	 <61,0.00>	 <99,0.00>	
21:	 <3,0.00>	 <14,0.00>	 <17,0.94>	 <43,0.00>	 <46,0.00>	 <61,0.00>	 <99,0.06>	
22:	 <3,0.00>	 <14,0.00>	 <17,1.00>	 <43,0.00>	 <46,0.00>	 <61,0.00>	 <99,0.00>	
23:	 <3,0.00>	 <14,0.00>	 <17,0.00>	 <43,0.00>	 <46,0.00>	 <61,0.65>	 <99,0.35>	
24:	 <3,0.00>	 <14,1.00>	 <17,0.00>	 <43,0.00>	 <46,0.00>	 <61,0.00>	 <99,0.00>	
25:	 <3,0.06>	 <14,0.00>	 <17,0.00>	 <43,0.00>	 <46,0.00>	 <61,0.00>	 <99,0.94>	
26:	 <3,0.00>	 <14,0.00>	 <17,0.88>	 <43,0.00>	 <46,0.00>	 <61,0.00>	 <99,0.12>	
27:	 <3,0.00>	 <14,0.00>	 <17,0.00>	 <43,0.00>	 <46,0.00>	 <61,0.00>	 <99,1.00>	
28:	 <3,0.00>	 <14,0.00>	 <17,0.00>	 <43,0.00>	 <46,0.00>	 <61,0.65>	 <99,0.35>	
29:	 <3,0.00>	 <14,0.00>	 <17,0.00>	 <43,0.35>	 <46,0.00>	 <61,0.00>	 <99,0.65>	
30:	 <3,0.06>	 <14,0.00>	 <17,0.00>	 <43,0.00>	 <46,0.12>	 <61,0.00>	 <99,0.82>	
31:	 <3,0.06>	 <14,0.00>	 <17,0.00>	 <43,0.06>	 <46,0.00>	 <61,0.00>	 <99,0.88>	
32:	 <3,0.00>	 <14,0.00>	 <17,0.00>	 <43,0.00>	 <46,0.00>	 <61,1.00>	 <99,0.00>	
33:	 <3,0.00>	 <14,0.00>	 <17,0.00>	 <43,0.00>	 <46,0.00>	 <61,0.00>	 <99,1.00>	
34:	 <3,0.00>	 <14,0.00>	 <17,0.00>	 <43,0.00>	 <46,0.00>	 <61,0.00>	 <99,1.00>	
35:	 <3,0.00>	 <14,0.06>	 <17,0.00>	 <43,0.00>	 <46,0.00>	 <61,0.00>	 <99,0.94>	
36:	 <3,0.00>	 <14,0.00>	 <17,0.00>	 <43,0.00>	 <46,0.00>	 <61,0.00>	 <99,1.00>	
37:	 <3,0.12>	 <14,0.00>	 <17,0.00>	 <43,0.00>	 <46,0.00>	 <61,0.00>	 <99,0.88>	
38:	 <3,0.00>	 <14,0.00>	 <17,0.00>	 <43,0.00>	 <46,0.00>	 <61,0.59>	 <99,0.41>	
39:	 <3,0.00>	 <14,0.41>	 <17,0.00>	 <43,0.00>	 <46,0.00>	 <61,0.00>	 <99,0.59>	
40:	 <3,0.00>	 <14,1.00>	 <17,0.00>	 <43,0.00>	 <46,0.00>	 <61,0.00>	 <99,0.00>	
41:	 <3,0.00>	 <14,0.00>	 <17,0.00>	 <43,0.00>	 <46,0.00>	 <61,0.00>	 <99,1.00>	
42:	 <3,0.00>	 <14,0.00>	 <17,1.00>	 <43,0.00>	 <46,0.00>	 <61,0.00>	 <99,0.00>	
43:	 <3,0.00>	 <14,0.00>	 <17,1.00>	 <43,0.00>	 <46,0.00>	 <61,0.00>	 <99,0.00>	
44:	 <3,0.00>	 <14,0.18>	 <17,0.00>	 <43,0.00>	 <46,0.00>	 <61,0.00>	 <99,0.82>	
45:	 <3,0.00>	 <14,0.00>	 <17,0.00>	 <43,0.00>	 <46,0.18>	 <61,0.00>	 <99,0.82>	
46:	 <3,0.00>	 <14,0.00>	 <17,0.00>	 <43,0.71>	 <46,0.00>	 <61,0.00>	 <99,0.29>	
47:	 <3,0.00>	 <14,0.00>	 <17,0.00>	 <43,0.00>	 <46,0.00>	 <61,0.82>	 <99,0.18>	
48:	 <3,0.00>	 <14,0.00>	 <17,0.59>	 <43,0.00>	 <46,0.00>	 <61,0.00>	 <99,0.41>	
49:	 <3,0.41>	 <14,0.00>	 <17,0.00>	 <43,0.00>	 <46,0.00>	 <61,0.00>	 <99,0.59>	
50:	 <3,0.00>	 <14,0.00>	 <17,0.00>	 <43,0.00>	 <46,0.00>	 <61,0.06>	 <99,0.94>	
51:	 <3,0.00>	 <14,0.06>	 <17,0.00>	 <43,0.00>	 <46,0.00>	 <61,0.00>	 <99,0.94>	
52:	 <3,0.00>	 <14,0.00>	 <17,0.00>	 <43,1.00>	 <46,0.00>	 <61,0.00>	 <99,0.00>	
53:	 <3,0.00>	 <14,0.00>	 <17,0.00>	 <43,0.00>	 <46,0.00>	 <61,0.00>	 <99,1.00>	
54:	 <3,0.00>	 <14,0.00>	 <17,0.00>	 <43,0.00>	 <46,0.00>	 <61,1.00>	 <99,0.00>	
55:	 <3,0.00>	 <14,0.00>	 <17,0.00>	 <43,0.00>	 <46,0.00>	 <61,0.00>	 <99,1.00>	
56:	 <3,0.00>	 <14,0.00>	 <17,0.00>	 <43,0.00>	 <46,0.00>	 <61,0.06>	 <99,0.94>	
57:	 <3,0.82>	 <14,0.00>	 <17,0.00>	 <43,0.00>	 <46,0.00>	 <61,0.00>	 <99,0.18>	
58:	 <3,0.00>	 <14,0.00>	 <17,0.00>	 <43,0.00>	 <46,0.00>	 <61,0.24>	 <99,0.76>	
59:	 <3,0.00>	 <14,0.00>	 <17,0.88>	 <43,0.00>	 <46,0.00>	 <61,0.00>	 <99,0.12>	
60:	 <3,0.00>	 <14,0.00>	 <17,0.00>	 <43,0.00>	 <46,0.00>	 <61,0.00>	 <99,1.00>	
61:	 <3,0.00>	 <14,1.00>	 <17,0.00>	 <43,0.00>	 <46,0.00>	 <61,0.00>	 <99,0.00>	
62:	 <3,0.00>	 <14,0.00>	 <17,0.00>	 <43,0.00>	 <46,0.00>	 <61,0.00>	 <99,1.00>	
63:	 <3,0.00>	 <14,0.00>	 <17,0.00>	 <43,0.00>	 <46,0.00>	 <61,0.00>	 <99,1.00>	
64:	 <3,0.00>	 <14,0.00>	 <17,0.00>	 <43,0.00>	 <46,0.00>	 <61,0.00>	 <99,1.00>	
65:	 <3,0.71>	 <14,0.00>	 <17,0.00>	 <43,0.00>	 <46,0.00>	 <61,0.00>	 <99,0.29>	
66:	 <3,0.00>	 <14,0.76>	 <17,0.00>	 <43,0.00>	 <46,0.00>	 <61,0.00>	 <99,0.24>	
67:	 <3,0.00>	 <14,0.06>	 <17,0.00>	 <43,0.00>	 <46,0.00>	 <61,0.00>	 <99,0.94>	
68:	 <3,0.00>	 <14,0.00>	 <17,0.00>	 <43,0.00>	 <46,0.00>	 <61,0.00>	 <99,1.00>	
69:	 <3,0.00>	 <14,0.00>	 <17,0.00>	 <43,0.88>	 <46,0.00>	 <61,0.00>	 <99,0.12>	
70:	 <3,0.65>	 <14,0.00>	 <17,0.00>	 <43,0.00>	 <46,0.00>	 <61,0.00>	 <99,0.35>	
71:	 <3,0.00>	 <14,1.00>	 <17,0.00>	 <43,0.00>	 <46,0.00>	 <61,0.00>	 <99,0.00>	
72:	 <3,0.00>	 <14,0.00>	 <17,0.00>	 <43,0.00>	 <46,0.00>	 <61,0.00>	 <99,1.00>	
73:	 <3,0.00>	 <14,0.00>	 <17,0.00>	 <43,0.00>	 <46,0.00>	 <61,1.00>	 <99,0.00>	
74:	 <3,0.00>	 <14,0.00>	 <17,0.00>	 <43,0.00>	 <46,0.00>	 <61,0.00>	 <99,1.00>	
75:	 <3,0.00>	 <14,0.00>	 <17,0.00>	 <43,0.00>	 <46,0.88>	 <61,0.00>	 <99,0.12>	
76:	 <3,0.00>	 <14,0.00>	 <17,0.00>	 <43,0.00>	 <46,0.00>	 <61,0.06>	 <99,0.94>	
77:	 <3,0.00>	 <14,0.00>	 <17,0.00>	 <43,0.00>	 <46,0.00>	 <61,0.00>	 <99,1.00>	
78:	 <3,0.00>	 <14,0.00>	 <17,0.00>	 <43,0.00>	 <46,0.00>	 <61,1.00>	 <99,0.00>	
79:	 <3,0.00>	 <14,0.24>	 <17,0.00>	 <43,0.00>	 <46,0.00>	 <61,0.00>	 <99,0.76>	
80:	 <3,0.82>	 <14,0.00>	 <17,0.00>	 <43,0.00>	 <46,0.00>	 <61,0.00>	 <99,0.18>	
81:	 <3,0.00>	 <14,0.00>	 <17,0.24>	 <43,0.00>	 <46,0.00>	 <61,0.00>	 <99,0.76>	
82:	 <3,0.00>	 <14,0.00>	 <17,0.00>	 <43,0.00>	 <46,0.00>	 <61,0.00>	 <99,1.00>	
83:	 <3,0.00>	 <14,0.00>	 <17,0.53>	 <43,0.00>	 <46,0.00>	 <61,0.00>	 <99,0.47>	
84:	 <3,0.94>	 <14,0.00>	 <17,0.00>	 <43,0.00>	 <46,0.00>	 <61,0.00>	 <99,0.06>	
85:	 <3,0.00>	 <14,0.00>	 <17,0.94>	 <43,0.00>	 <46,0.00>	 <61,0.00>	 <99,0.06>	
86:	 <3,0.00>	 <14,0.00>	 <17,1.00>	 <43,0.00>	 <46,0.00>	 <61,0.00>	 <99,0.00>	
87:	 <3,0.00>	 <14,0.00>	 <17,1.00>	 <43,0.00>	 <46,0.00>	 <61,0.00>	 <99,0.00>	
88:	 <3,0.00>	 <14,1.00>	 <17,0.00>	 <43,0.00>	 <46,0.00>	 <61,0.00>	 <99,0.00>	
89:	 <3,0.00>	 <14,0.00>	 <17,1.00>	 <43,0.00>	 <46,0.00>	 <61,0.00>	 <99,0.00>	
90:	 <3,0.00>	 <14,0.00>	 <17,0.00>	 <43,0.00>	 <46,0.00>	 <61,0.00>	 <99,1.00>	
91:	 <3,0.00>	 <14,0.00>	 <17,0.00>	 <43,0.00>	 <46,0.00>	 <61,0.00>	 <99,1.00>	
92:	 <3,0.00>	 <14,1.00>	 <17,0.00>	 <43,0.00>	 <46,0.00>	 <61,0.00>	 <99,0.00>	
93:	 <3,0.18>	 <14,0.00>	 <17,0.00>	 <43,0.00>	 <46,0.00>	 <61,0.00>	 <99,0.82>	
94:	 <3,0.00>	 <14,0.00>	 <17,0.00>	 <43,0.18>	 <46,0.00>	 <61,0.00>	 <99,0.82>	
95:	 <3,0.00>	 <14,0.00>	 <17,0.00>	 <43,0.00>	 <46,0.00>	 <61,0.00>	 <99,1.00>	
96:	 <3,0.00>	 <14,0.00>	 <17,1.00>	 <43,0.00>	 <46,0.00>	 <61,0.00>	 <99,0.00>	
97:	 <3,0.00>	 <14,0.00>	 <17,0.00>	 <43,0.00>	 <46,0.00>	 <61,0.94>	 <99,0.06>	
98:	 <3,0.06>	 <14,0.00>	 <17,0.00>	 <43,0.00>	 <46,0.00>	 <61,0.00>	 <99,0.94>	
99:	 <3,0.00>	 <14,0.00>	 <17,0.00>	 <43,0.00>	 <46,0.00>	 <61,0.47>	 <99,0.53>	
100:	 <3,0.00>	 <14,1.00>	 <17,0.00>	 <43,0.00>	 <46,0.00>	 <61,0.00>	 <99,0.00>	
101:	 <3,0.00>	 <14,1.00>	 <17,0.00>	 <43,0.00>	 <46,0.00>	 <61,0.00>	 <99,0.00>	
102:	 <3,0.00>	 <14,0.06>	 <17,0.88>	 <43,0.00>	 <46,0.00>	 <61,0.00>	 <99,0.06>	
103:	 <3,0.00>	 <14,0.00>	 <17,0.00>	 <43,0.00>	 <46,0.00>	 <61,0.00>	 <99,1.00>	
104:	 <3,0.00>	 <14,1.00>	 <17,0.00>	 <43,0.00>	 <46,0.00>	 <61,0.00>	 <99,0.00>	
105:	 <3,0.00>	 <14,0.00>	 <17,0.00>	 <43,0.00>	 <46,0.00>	 <61,0.94>	 <99,0.06>	
106:	 <3,0.00>	 <14,0.00>	 <17,0.00>	 <43,0.00>	 <46,0.00>	 <61,0.18>	 <99,0.82>	
107:	 <3,0.00>	 <14,0.00>	 <17,0.00>	 <43,0.00>	 <46,0.00>	 <61,0.00>	 <99,1.00>	
108:	 <3,0.00>	 <14,0.00>	 <17,0.00>	 <43,0.00>	 <46,0.59>	 <61,0.00>	 <99,0.41>	
109:	 <3,0.00>	 <14,1.00>	 <17,0.00>	 <43,0.00>	 <46,0.00>	 <61,0.00>	 <99,0.00>	
110:	 <3,0.00>	 <14,0.00>	 <17,0.00>	 <43,0.00>	 <46,0.00>	 <61,0.00>	 <99,1.00>	
111:	 <3,0.00>	 <14,0.00>	 <17,0.00>	 <43,0.00>	 <46,0.00>	 <61,0.00>	 <99,1.00>	
112:	 <3,0.00>	 <14,0.00>	 <17,0.00>	 <43,0.00>	 <46,0.00>	 <61,0.00>	 <99,1.00>	
113:	 <3,0.00>	 <14,0.00>	 <17,0.00>	 <43,0.00>	 <46,0.00>	 <61,0.94>	 <99,0.06>	
114:	 <3,0.00>	 <14,0.00>	 <17,0.00>	 <43,0.00>	 <46,1.00>	 <61,0.00>	 <99,0.00>	
115:	 <3,0.00>	 <14,1.00>	 <17,0.00>	 <43,0.00>	 <46,0.00>	 <61,0.00>	 <99,0.00>	
116:	 <3,0.18>	 <14,0.00>	 <17,0.00>	 <43,0.00>	 <46,0.00>	 <61,0.00>	 <99,0.82>	
117:	 <3,0.00>	 <14,0.00>	 <17,0.00>	 <43,0.00>	 <46,0.00>	 <61,0.00>	 <99,1.00>	
118:	 <3,0.18>	 <14,0.00>	 <17,0.00>	 <43,0.00>	 <46,0.00>	 <61,0.00>	 <99,0.82>	
119:	 <3,0.00>	 <14,0.00>	 <17,0.00>	 <43,0.00>	 <46,0.00>	 <61,0.71>	 <99,0.29>	
120:	 <3,0.00>	 <14,1.00>	 <17,0.00>	 <43,0.00>	 <46,0.00>	 <61,0.00>	 <99,0.00>	
121:	 <3,0.00>	 <14,0.18>	 <17,0.00>	 <43,0.00>	 <46,0.00>	 <61,0.00>	 <99,0.82>	
122:	 <3,0.00>	 <14,0.24>	 <17,0.00>	 <43,0.00>	 <46,0.00>	 <61,0.00>	 <99,0.76>	
123:	 <3,0.00>	 <14,0.12>	 <17,0.00>	 <43,0.00>	 <46,0.00>	 <61,0.00>	 <99,0.88>	
124:	 <3,1.00>	 <14,0.00>	 <17,0.00>	 <43,0.00>	 <46,0.00>	 <61,0.00>	 <99,0.00>	
125:	 <3,0.00>	 <14,0.00>	 <17,0.00>	 <43,1.00>	 <46,0.00>	 <61,0.00>	 <99,0.00>	
126:	 <3,0.00>	 <14,0.00>	 <17,0.00>	 <43,0.00>	 <46,0.00>	 <61,0.00>	 <99,1.00>	
127:	 <3,0.71>	 <14,0.00>	 <17,0.00>	 <43,0.00>	 <46,0.00>	 <61,0.00>	 <99,0.29>	
128:	 <3,0.00>	 <14,0.00>	 <17,0.00>	 <43,0.00>	 <46,0.00>	 <61,1.00>	 <99,0.00>	
129:	 <3,0.00>	 <14,0.00>	 <17,0.00>	 <43,0.00>	 <46,0.00>	 <61,0.00>	 <99,1.00>	
130:	 <3,0.00>	 <14,0.00>	 <17,0.00>	 <43,0.00>	 <46,0.00>	 <61,0.00>	 <99,1.00>	
131:	 <3,0.00>	 <14,0.00>	 <17,0.00>	 <43,0.00>	 <46,0.00>	 <61,0.00>	 <99,1.00>	
132:	 <3,0.00>	 <14,0.00>	 <17,0.00>	 <43,0.00>	 <46,0.00>	 <61,0.00>	 <99,1.00>	
133:	 <3,0.00>	 <14,1.00>	 <17,0.00>	 <43,0.00>	 <46,0.00>	 <61,0.00>	 <99,0.00>	
134:	 <3,0.00>	 <14,1.00>	 <17,0.00>	 <43,0.00>	 <46,0.00>	 <61,0.00>	 <99,0.00>	
135:	 <3,0.00>	 <14,0.00>	 <17,0.00>	 <43,0.00>	 <46,0.00>	 <61,0.00>	 <99,1.00>	
136:	 <3,0.00>	 <14,0.00>	 <17,0.00>	 <43,0.00>	 <46,0.00>	 <61,0.00>	 <99,1.00>	
137:	 <3,0.00>	 <14,0.00>	 <17,0.00>	 <43,0.00>	 <46,0.00>	 <61,0.53>	 <99,0.47>	
138:	 <3,0.00>	 <14,0.00>	 <17,0.00>	 <43,0.00>	 <46,0.00>	 <61,1.00>	 <99,0.00>	
139:	 <3,0.00>	 <14,0.00>	 <17,0.00>	 <43,0.00>	 <46,0.00>	 <61,0.00>	 <99,1.00>	
140:	 <3,0.00>	 <14,0.00>	 <17,0.00>	 <43,0.00>	 <46,0.00>	 <61,0.00>	 <99,1.00>	
141:	 <3,0.06>	 <14,0.00>	 <17,0.00>	 <43,0.00>	 <46,0.00>	 <61,0.00>	 <99,0.94>	
142:	 <3,0.00>	 <14,0.00>	 <17,0.00>	 <43,0.00>	 <46,0.00>	 <61,0.00>	 <99,1.00>	
143:	 <3,0.00>	 <14,1.00>	 <17,0.00>	 <43,0.00>	 <46,0.00>	 <61,0.00>	 <99,0.00>	
144:	 <3,0.12>	 <14,0.00>	 <17,0.00>	 <43,0.00>	 <46,0.00>	 <61,0.00>	 <99,0.88>	
145:	 <3,0.00>	 <14,0.00>	 <17,1.00>	 <43,0.00>	 <46,0.00>	 <61,0.00>	 <99,0.00>	
146:	 <3,0.00>	 <14,0.00>	 <17,0.00>	 <43,0.00>	 <46,0.06>	 <61,0.00>	 <99,0.94>	
147:	 <3,0.00>	 <14,0.00>	 <17,1.00>	 <43,0.00>	 <46,0.00>	 <61,0.00>	 <99,0.00>	
148:	 <3,0.00>	 <14,0.59>	 <17,0.00>	 <43,0.00>	 <46,0.00>	 <61,0.00>	 <99,0.41>	
149:	 <3,0.00>	 <14,0.00>	 <17,0.71>	 <43,0.00>	 <46,0.00>	 <61,0.00>	 <99,0.29>	
150:	 <3,0.00>	 <14,0.00>	 <17,0.00>	 <43,0.00>	 <46,0.00>	 <61,1.00>	 <99,0.00>	
151:	 <3,0.00>	 <14,0.00>	 <17,0.00>	 <43,0.00>	 <46,0.00>	 <61,0.00>	 <99,1.00>	
152:	 <3,0.00>	 <14,0.00>	 <17,0.41>	 <43,0.00>	 <46,0.06>	 <61,0.06>	 <99,0.47>	
153:	 <3,0.00>	 <14,0.00>	 <17,0.00>	 <43,0.00>	 <46,0.00>	 <61,0.76>	 <99,0.24>	
154:	 <3,0.00>	 <14,0.00>	 <17,0.00>	 <43,0.00>	 <46,0.00>	 <61,0.00>	 <99,1.00>	
155:	 <3,0.00>	 <14,0.00>	 <17,0.00>	 <43,0.00>	 <46,0.00>	 <61,1.00>	 <99,0.00>	
156:	 <3,0.00>	 <14,0.00>	 <17,0.00>	 <43,0.00>	 <46,0.00>	 <61,0.00>	 <99,1.00>	
157:	 <3,0.41>	 <14,0.00>	 <17,0.00>	 <43,0.00>	 <46,0.00>	 <61,0.00>	 <99,0.59>	
158:	 <3,0.00>	 <14,0.00>	 <17,0.82>	 <43,0.00>	 <46,0.00>	 <61,0.00>	 <99,0.18>	
159:	 <3,0.00>	 <14,0.00>	 <17,0.06>	 <43,0.00>	 <46,0.00>	 <61,0.00>	 <99,0.94>	
160:	 <3,0.00>	 <14,0.00>	 <17,0.00>	 <43,0.00>	 <46,0.00>	 <61,0.29>	 <99,0.71>	
161:	 <3,0.00>	 <14,0.00>	 <17,0.00>	 <43,0.00>	 <46,0.94>	 <61,0.00>	 <99,0.06>	
162:	 <3,0.00>	 <14,0.00>	 <17,0.00>	 <43,0.00>	 <46,0.00>	 <61,0.00>	 <99,1.00>	
163:	 <3,0.00>	 <14,1.00>	 <17,0.00>	 <43,0.00>	 <46,0.00>	 <61,0.00>	 <99,0.00>	
164:	 <3,0.00>	 <14,0.00>	 <17,0.00>	 <43,0.94>	 <46,0.00>	 <61,0.00>	 <99,0.06>	
165:	 <3,0.00>	 <14,0.00>	 <17,0.00>	 <43,0.00>	 <46,0.00>	 <61,0.06>	 <99,0.94>	
166:	 <3,0.00>	 <14,0.00>	 <17,0.00>	 <43,0.00>	 <46,0.00>	 <61,0.00>	 <99,1.00>	
167:	 <3,0.00>	 <14,0.00>	 <17,0.00>	 <43,0.00>	 <46,0.00>	 <61,0.94>	 <99,0.06>	
168:	 <3,0.00>	 <14,0.00>	 <17,0.47>	 <43,0.00>	 <46,0.00>	 <61,0.00>	 <99,0.53>	
169:	 <3,0.00>	 <14,1.00>	 <17,0.00>	 <43,0.00>	 <46,0.00>	 <61,0.00>	 <99,0.00>	
170:	 <3,0.00>	 <14,0.00>	 <17,0.00>	 <43,1.00>	 <46,0.00>	 <61,0.00>	 <99,0.00>	
171:	 <3,0.00>	 <14,0.00>	 <17,1.00>	 <43,0.00>	 <46,0.00>	 <61,0.00>	 <99,0.00>	
172:	 <3,0.00>	 <14,0.00>	 <17,0.00>	 <43,0.00>	 <46,0.00>	 <61,0.00>	 <99,1.00>	
173:	 <3,0.00>	 <14,0.00>	 <17,0.00>	 <43,0.00>	 <46,0.00>	 <61,0.18>	 <99,0.82>	
174:	 <3,0.00>	 <14,0.94>	 <17,0.00>	 <43,0.00>	 <46,0.00>	 <61,0.00>	 <99,0.06>	
175:	 <3,0.00>	 <14,0.00>	 <17,0.00>	 <43,0.00>	 <46,0.00>	 <61,1.00>	 <99,0.00>	
176:	 <3,0.00>	 <14,0.00>	 <17,0.00>	 <43,0.00>	 <46,0.00>	 <61,0.00>	 <99,1.00>	
177:	 <3,0.00>	 <14,0.00>	 <17,0.00>	 <43,0.00>	 <46,0.00>	 <61,0.00>	 <99,1.00>	
178:	 <3,0.00>	 <14,0.00>	 <17,0.00>	 <43,0.00>	 <46,0.88>	 <61,0.00>	 <99,0.12>	
179:	 <3,0.06>	 <14,0.00>	 <17,0.00>	 <43,0.00>	 <46,0.00>	 <61,0.00>	 <99,0.94>	
180:	 <3,0.00>	 <14,0.00>	 <17,0.00>	 <43,0.00>	 <46,0.00>	 <61,0.00>	 <99,1.00>	
181:	 <3,0.00>	 <14,1.00>	 <17,0.00>	 <43,0.00>	 <46,0.00>	 <61,0.00>	 <99,0.00>	
182:	 <3,0.00>	 <14,0.00>	 <17,0.00>	 <43,0.00>	 <46,0.00>	 <61,0.06>	 <99,0.94>	
183:	 <3,0.00>	 <14,1.00>	 <17,0.00>	 <43,0.00>	 <46,0.00>	 <61,0.00>	 <99,0.00>	
184:	 <3,0.00>	 <14,1.00>	 <17,0.00>	 <43,0.00>	 <46,0.00>	 <61,0.00>	 <99,0.00>	
185:	 <3,0.00>	 <14,0.18>	 <17,0.00>	 <43,0.00>	 <46,0.00>	 <61,0.00>	 <99,0.82>	
186:	 <3,0.00>	 <14,0.00>	 <17,0.00>	 <43,0.00>	 <46,0.00>	 <61,0.00>	 <99,1.00>	
187:	 <3,0.00>	 <14,0.00>	 <17,0.94>	 <43,0.00>	 <46,0.00>	 <61,0.00>	 <99,0.06>	
188:	 <3,0.00>	 <14,0.00>	 <17,0.00>	 <43,0.00>	 <46,0.00>	 <61,0.00>	 <99,1.00>	
189:	 <3,0.00>	 <14,0.00>	 <17,1.00>	 <43,0.00>	 <46,0.00>	 <61,0.00>	 <99,0.00>	
190:	 <3,0.00>	 <14,0.00>	 <17,0.00>	 <43,0.00>	 <46,0.00>	 <61,0.00>	 <99,1.00>	
191:	 <3,0.00>	 <14,0.00>	 <17,0.00>	 <43,0.00>	 <46,0.00>	 <61,0.88>	 <99,0.12>	
192:	 <3,0.00>	 <14,0.00>	 <17,0.71>	 <43,0.00>	 <46,0.00>	 <61,0.00>	 <99,0.29>	
193:	 <3,0.00>	 <14,0.00>	 <17,0.00>	 <43,0.00>	 <46,0.06>	 <61,0.00>	 <99,0.94>	
194:	 <3,0.00>	 <14,0.00>	 <17,0.00>	 <43,0.00>	 <46,0.24>	 <61,0.00>	 <99,0.76>	
195:	 <3,0.00>	 <14,0.00>	 <17,0.00>	 <43,0.00>	 <46,0.00>	 <61,0.00>	 <99,1.00>	
196:	 <3,0.00>	 <14,0.94>	 <17,0.00>	 <43,0.00>	 <46,0.00>	 <61,0.00>	 <99,0.06>	
197:	 <3,0.00>	 <14,0.00>	 <17,0.00>	 <43,0.00>	 <46,0.00>	 <61,0.00>	 <99,1.00>	
198:	 <3,0.00>	 <14,0.00>	 <17,0.00>	 <43,0.00>	 <46,0.00>	 <61,0.00>	 <99,1.00>	
199:	 <3,0.00>	 <14,1.00>	 <17,0.00>	 <43,0.00>	 <46,0.00>	 <61,0.00>	 <99,0.00>	
200:	 <3,0.00>	 <14,0.00>	 <17,0.00>	 <43,0.94>	 <46,0.00>	 <61,0.00>	 <99,0.06>	
201:	 <3,0.00>	 <14,0.00>	 <17,0.00>	 <43,0.00>	 <46,0.00>	 <61,0.00>	 <99,1.00>	
202:	 <3,0.00>	 <14,0.00>	 <17,0.00>	 <43,0.00>	 <46,0.88>	 <61,0.00>	 <99,0.12>	
203:	 <3,0.00>	 <14,0.00>	 <17,0.00>	 <43,0.00>	 <46,0.00>	 <61,0.00>	 <99,1.00>	
204:	 <3,0.00>	 <14,0.00>	 <17,0.00>	 <43,0.00>	 <46,0.00>	 <61,1.00>	 <99,0.00>	
205:	 <3,0.00>	 <14,0.00>	 <17,0.00>	 <43,0.00>	 <46,0.00>	 <61,0.00>	 <99,1.00>	
206:	 <3,0.00>	 <14,0.00>	 <17,0.00>	 <43,0.00>	 <46,0.00>	 <61,0.00>	 <99,1.00>	
207:	 <3,0.00>	 <14,0.00>	 <17,0.00>	 <43,0.18>	 <46,0.00>	 <61,0.00>	 <99,0.82>	
208:	 <3,0.00>	 <14,0.00>	 <17,0.00>	 <43,1.00>	 <46,0.00>	 <61,0.00>	 <99,0.00>	
209:	 <3,0.00>	 <14,0.00>	 <17,0.00>	 <43,0.00>	 <46,0.00>	 <61,0.00>	 <99,1.00>	
210:	 <3,0.29>	 <14,0.00>	 <17,0.00>	 <43,0.00>	 <46,0.00>	 <61,0.00>	 <99,0.71>	
211:	 <3,0.00>	 <14,0.00>	 <17,0.00>	 <43,0.00>	 <46,0.00>	 <61,0.00>	 <99,1.00>	
212:	 <3,0.00>	 <14,0.00>	 <17,0.00>	 <43,0.00>	 <46,0.00>	 <61,0.00>	 <99,1.00>	
213:	 <3,0.00>	 <14,0.00>	 <17,1.00>	 <43,0.00>	 <46,0.00>	 <61,0.00>	 <99,0.00>	
214:	 <3,0.12>	 <14,0.00>	 <17,0.00>	 <43,0.00>	 <46,0.00>	 <61,0.00>	 <99,0.88>	
215:	 <3,0.47>	 <14,0.00>	 <17,0.00>	 <43,0.00>	 <46,0.00>	 <61,0.00>	 <99,0.53>	
216:	 <3,0.00>	 <14,0.00>	 <17,0.00>	 <43,0.00>	 <46,0.00>	 <61,0.00>	 <99,1.00>	
217:	 <3,0.00>	 <14,0.00>	 <17,0.00>	 <43,0.00>	 <46,0.00>	 <61,0.00>	 <99,1.00>	
218:	 <3,0.00>	 <14,1.00>	 <17,0.00>	 <43,0.00>	 <46,0.00>	 <61,0.00>	 <99,0.00>	
219:	 <3,0.00>	 <14,0.00>	 <17,0.00>	 <43,0.00>	 <46,0.00>	 <61,0.00>	 <99,1.00>	
220:	 <3,0.00>	 <14,0.00>	 <17,0.00>	 <43,0.00>	 <46,0.00>	 <61,0.00>	 <99,1.00>	
221:	 <3,0.00>	 <14,0.00>	 <17,0.00>	 <43,0.00>	 <46,0.00>	 <61,0.00>	 <99,1.00>	
222:	 <3,0.00>	 <14,0.00>	 <17,0.00>	 <43,1.00>	 <46,0.00>	 <61,0.00>	 <99,0.00>	
223:	 <3,0.00>	 <14,0.00>	 <17,0.00>	 <43,0.00>	 <46,0.00>	 <61,0.06>	 <99,0.94>	
224:	 <3,1.00>	 <14,0.00>	 <17,0.00>	 <43,0.00>	 <46,0.00>	 <61,0.00>	 <99,0.00>	
225:	 <3,0.00>	 <14,0.00>	 <17,0.00>	 <43,0.00>	 <46,0.12>	 <61,0.00>	 <99,0.88>	
226:	 <3,0.00>	 <14,0.00>	 <17,0.00>	 <43,0.00>	 <46,0.00>	 <61,0.00>	 <99,1.00>	
227:	 <3,0.00>	 <14,0.00>	 <17,0.00>	 <43,0.00>	 <46,0.00>	 <61,0.94>	 <99,0.06>	
228:	 <3,0.00>	 <14,0.00>	 <17,0.00>	 <43,0.88>	 <46,0.00>	 <61,0.00>	 <99,0.12>	
229:	 <3,0.00>	 <14,0.00>	 <17,0.53>	 <43,0.00>	 <46,0.00>	 <61,0.00>	 <99,0.47>	
230:	 <3,0.00>	 <14,0.00>	 <17,0.06>	 <43,0.00>	 <46,0.00>	 <61,0.06>	 <99,0.88>	
231:	 <3,0.59>	 <14,0.00>	 <17,0.00>	 <43,0.00>	 <46,0.00>	 <61,0.00>	 <99,0.41>	
232:	 <3,0.00>	 <14,0.00>	 <17,0.59>	 <43,0.00>	 <46,0.00>	 <61,0.00>	 <99,0.41>	
233:	 <3,0.00>	 <14,0.53>	 <17,0.00>	 <43,0.00>	 <46,0.00>	 <61,0.00>	 <99,0.47>	
234:	 <3,0.35>	 <14,0.00>	 <17,0.00>	 <43,0.00>	 <46,0.00>	 <61,0.00>	 <99,0.65>	
235:	 <3,0.00>	 <14,0.00>	 <17,0.00>	 <43,0.00>	 <46,0.00>	 <61,0.88>	 <99,0.12>	
236:	 <3,0.18>	 <14,0.00>	 <17,0.00>	 <43,0.00>	 <46,0.00>	 <61,0.00>	 <99,0.82>	
237:	 <3,0.00>	 <14,0.00>	 <17,1.00>	 <43,0.00>	 <46,0.00>	 <61,0.00>	 <99,0.00>	
238:	 <3,0.00>	 <14,0.00>	 <17,0.00>	 <43,0.00>	 <46,0.18>	 <61,0.00>	 <99,0.82>	
239:	 <3,0.00>	 <14,0.00>	 <17,0.00>	 <43,0.00>	 <46,0.00>	 <61,0.00>	 <99,1.00>	
240:	 <3,0.00>	 <14,0.12>	 <17,0.00>	 <43,0.00>	 <46,0.00>	 <61,0.00>	 <99,0.88>	
241:	 <3,0.00>	 <14,0.00>	 <17,0.00>	 <43,0.00>	 <46,0.00>	 <61,0.00>	 <99,1.00>	
242:	 <3,0.71>	 <14,0.00>	 <17,0.00>	 <43,0.00>	 <46,0.00>	 <61,0.00>	 <99,0.29>	
243:	 <3,0.00>	 <14,0.00>	 <17,0.00>	 <43,0.00>	 <46,0.29>	 <61,0.00>	 <99,0.71>	
244:	 <3,0.35>	 <14,0.00>	 <17,0.00>	 <43,0.00>	 <46,0.00>	 <61,0.00>	 <99,0.65>	
245:	 <3,0.59>	 <14,0.00>	 <17,0.00>	 <43,0.00>	 <46,0.00>	 <61,0.00>	 <99,0.41>	
246:	 <3,0.00>	 <14,0.00>	 <17,0.00>	 <43,0.00>	 <46,1.00>	 <61,0.00>	 <99,0.00>	
247:	 <3,0.00>	 <14,0.00>	 <17,0.00>	 <43,0.00>	 <46,0.00>	 <61,0.00>	 <99,1.00>	
248:	 <3,0.00>	 <14,0.00>	 <17,0.00>	 <43,0.00>	 <46,0.00>	 <61,0.71>	 <99,0.29>	
249:	 <3,0.00>	 <14,0.00>	 <17,1.00>	 <43,0.00>	 <46,0.00>	 <61,0.00>	 <99,0.00>	
250:	 <3,0.29>	 <14,0.00>	 <17,0.00>	 <43,0.00>	 <46,0.00>	 <61,0.00>	 <99,0.71>	
251:	 <3,0.00>	 <14,0.00>	 <17,0.00>	 <43,0.00>	 <46,0.00>	 <61,0.00>	 <99,1.00>	
252:	 <3,0.00>	 <14,0.06>	 <17,0.00>	 <43,0.00>	 <46,0.06>	 <61,0.00>	 <99,0.88>	
253:	 <3,0.00>	 <14,0.00>	 <17,0.00>	 <43,0.00>	 <46,0.06>	 <61,0.00>	 <99,0.94>	
254:	 <3,0.12>	 <14,0.00>	 <17,0.00>	 <43,0.00>	 <46,0.00>	 <61,0.00>	 <99,0.88>	
255:	 <3,0.00>	 <14,1.00>	 <17,0.00>	 <43,0.00>	 <46,0.00>	 <61,0.00>	 <99,0.00>	
256:	 <3,0.00>	 <14,0.88>	 <17,0.00>	 <43,0.00>	 <46,0.00>	 <61,0.00>	 <99,0.12>	
257:	 <3,0.00>	 <14,0.00>	 <17,0.00>	 <43,0.35>	 <46,0.00>	 <61,0.00>	 <99,0.65>	
258:	 <3,0.00>	 <14,0.00>	 <17,0.00>	 <43,0.00>	 <46,0.00>	 <61,0.00>	 <99,1.00>	
259:	 <3,0.00>	 <14,1.00>	 <17,0.00>	 <43,0.00>	 <46,0.00>	 <61,0.00>	 <99,0.00>	
260:	 <3,0.00>	 <14,0.00>	 <17,0.00>	 <43,0.00>	 <46,0.00>	 <61,0.00>	 <99,1.00>	
261:	 <3,0.00>	 <14,0.41>	 <17,0.00>	 <43,0.00>	 <46,0.00>	 <61,0.00>	 <99,0.59>	
262:	 <3,0.00>	 <14,0.00>	 <17,0.00>	 <43,0.00>	 <46,0.00>	 <61,0.00>	 <99,1.00>	
263:	 <3,0.00>	 <14,0.94>	 <17,0.00>	 <43,0.00>	 <46,0.00>	 <61,0.00>	 <99,0.06>	
264:	 <3,0.00>	 <14,0.00>	 <17,0.00>	 <43,0.00>	 <46,0.00>	 <61,0.00>	 <99,1.00>	
265:	 <3,0.00>	 <14,0.06>	 <17,0.00>	 <43,0.00>	 <46,0.00>	 <61,0.00>	 <99,0.94>	
266:	 <3,0.76>	 <14,0.00>	 <17,0.00>	 <43,0.00>	 <46,0.00>	 <61,0.00>	 <99,0.24>	
267:	 <3,0.00>	 <14,0.00>	 <17,0.00>	 <43,0.00>	 <46,0.00>	 <61,0.65>	 <99,0.35>	
268:	 <3,0.00>	 <14,0.00>	 <17,0.00>	 <43,0.82>	 <46,0.00>	 <61,0.00>	 <99,0.18>	
269:	 <3,0.00>	 <14,0.00>	 <17,0.00>	 <43,0.00>	 <46,0.00>	 <61,0.94>	 <99,0.06>	
270:	 <3,1.00>	 <14,0.00>	 <17,0.00>	 <43,0.00>	 <46,0.00>	 <61,0.00>	 <99,0.00>	
271:	 <3,0.00>	 <14,0.06>	 <17,0.88>	 <43,0.00>	 <46,0.00>	 <61,0.00>	 <99,0.06>	
272:	 <3,0.00>	 <14,0.00>	 <17,0.00>	 <43,0.00>	 <46,0.00>	 <61,0.00>	 <99,1.00>	
273:	 <3,0.00>	 <14,0.00>	 <17,0.00>	 <43,0.00>	 <46,0.00>	 <61,0.00>	 <99,1.00>	
274:	 <3,0.00>	 <14,0.94>	 <17,0.00>	 <43,0.00>	 <46,0.00>	 <61,0.00>	 <99,0.06>	
275:	 <3,0.47>	 <14,0.00>	 <17,0.00>	 <43,0.00>	 <46,0.00>	 <61,0.00>	 <99,0.53>	
276:	 <3,0.00>	 <14,0.00>	 <17,0.00>	 <43,1.00>	 <46,0.00>	 <61,0.00>	 <99,0.00>	
277:	 <3,1.00>	 <14,0.00>	 <17,0.00>	 <43,0.00>	 <46,0.00>	 <61,0.00>	 <99,0.00>	
278:	 <3,0.00>	 <14,0.12>	 <17,0.00>	 <43,0.00>	 <46,0.00>	 <61,0.00>	 <99,0.88>	
279:	 <3,0.00>	 <14,0.00>	 <17,0.00>	 <43,0.00>	 <46,0.00>	 <61,0.00>	 <99,1.00>	
280:	 <3,0.00>	 <14,0.00>	 <17,0.00>	 <43,0.00>	 <46,0.00>	 <61,0.06>	 <99,0.94>	
281:	 <3,0.00>	 <14,0.00>	 <17,0.00>	 <43,0.00>	 <46,0.00>	 <61,0.00>	 <99,1.00>	
282:	 <3,0.00>	 <14,0.00>	 <17,0.00>	 <43,0.00>	 <46,0.00>	 <61,0.00>	 <99,1.00>	
283:	 <3,0.00>	 <14,0.00>	 <17,0.00>	 <43,0.00>	 <46,0.00>	 <61,0.00>	 <99,1.00>	
284:	 <3,0.00>	 <14,0.00>	 <17,0.00>	 <43,0.00>	 <46,0.00>	 <61,0.00>	 <99,1.00>	
285:	 <3,0.00>	 <14,0.35>	 <17,0.00>	 <43,0.00>	 <46,0.00>	 <61,0.00>	 <99,0.65>	
286:	 <3,0.00>	 <14,0.00>	 <17,0.00>	 <43,0.00>	 <46,0.00>	 <61,0.00>	 <99,1.00>	
287:	 <3,0.00>	 <14,0.00>	 <17,0.00>	 <43,0.00>	 <46,0.00>	 <61,0.35>	 <99,0.65>	
288:	 <3,0.00>	 <14,0.00>	 <17,0.00>	 <43,0.00>	 <46,0.00>	 <61,0.76>	 <99,0.24>	
289:	 <3,0.00>	 <14,0.00>	 <17,0.00>	 <43,1.00>	 <46,0.00>	 <61,0.00>	 <99,0.00>	
290:	 <3,0.00>	 <14,1.00>	 <17,0.00>	 <43,0.00>	 <46,0.00>	 <61,0.00>	 <99,0.00>	
291:	 <3,0.00>	 <14,0.00>	 <17,0.00>	 <43,1.00>	 <46,0.00>	 <61,0.00>	 <99,0.00>	
292:	 <3,0.00>	 <14,1.00>	 <17,0.00>	 <43,0.00>	 <46,0.00>	 <61,0.00>	 <99,0.00>	
293:	 <3,0.00>	 <14,0.41>	 <17,0.00>	 <43,0.00>	 <46,0.00>	 <61,0.00>	 <99,0.59>	
294:	 <3,0.00>	 <14,0.00>	 <17,0.00>	 <43,0.00>	 <46,0.00>	 <61,0.00>	 <99,1.00>	
295:	 <3,0.00>	 <14,0.18>	 <17,0.00>	 <43,0.00>	 <46,0.00>	 <61,0.00>	 <99,0.82>	
296:	 <3,0.76>	 <14,0.00>	 <17,0.00>	 <43,0.00>	 <46,0.00>	 <61,0.00>	 <99,0.24>	
297:	 <3,0.00>	 <14,0.00>	 <17,0.00>	 <43,0.00>	 <46,0.00>	 <61,0.82>	 <99,0.18>	
298:	 <3,0.00>	 <14,0.00>	 <17,0.00>	 <43,0.00>	 <46,0.06>	 <61,0.00>	 <99,0.94>	
299:	 <3,0.00>	 <14,0.00>	 <17,0.00>	 <43,0.00>	 <46,1.00>	 <61,0.00>	 <99,0.00>	
300:	 <3,0.00>	 <14,0.00>	 <17,0.00>	 <43,0.00>	 <46,0.00>	 <61,0.00>	 <99,1.00>	
301:	 <3,0.00>	 <14,0.06>	 <17,0.00>	 <43,0.00>	 <46,0.00>	 <61,0.00>	 <99,0.94>	
302:	 <3,0.00>	 <14,0.00>	 <17,0.00>	 <43,0.00>	 <46,0.06>	 <61,0.00>	 <99,0.94>	
303:	 <3,0.00>	 <14,0.00>	 <17,0.00>	 <43,0.00>	 <46,1.00>	 <61,0.00>	 <99,0.00>	
304:	 <3,0.00>	 <14,0.00>	 <17,0.00>	 <43,0.00>	 <46,0.00>	 <61,0.88>	 <99,0.12>	
305:	 <3,0.00>	 <14,0.00>	 <17,1.00>	 <43,0.00>	 <46,0.00>	 <61,0.00>	 <99,0.00>	
306:	 <3,0.00>	 <14,0.00>	 <17,0.00>	 <43,0.00>	 <46,0.00>	 <61,0.94>	 <99,0.06>	
307:	 <3,0.00>	 <14,0.00>	 <17,0.76>	 <43,0.00>	 <46,0.00>	 <61,0.00>	 <99,0.24>	
308:	 <3,0.00>	 <14,0.00>	 <17,0.00>	 <43,0.00>	 <46,0.00>	 <61,0.00>	 <99,1.00>	
309:	 <3,0.00>	 <14,0.00>	 <17,0.00>	 <43,0.00>	 <46,0.06>	 <61,0.00>	 <99,0.94>	
310:	 <3,0.47>	 <14,0.00>	 <17,0.00>	 <43,0.00>	 <46,0.00>	 <61,0.00>	 <99,0.53>	
311:	 <3,0.00>	 <14,0.00>	 <17,0.00>	 <43,0.00>	 <46,0.00>	 <61,0.00>	 <99,1.00>	
312:	 <3,0.06>	 <14,0.00>	 <17,0.00>	 <43,0.00>	 <46,0.00>	 <61,0.00>	 <99,0.94>	
313:	 <3,0.00>	 <14,0.00>	 <17,0.59>	 <43,0.00>	 <46,0.00>	 <61,0.00>	 <99,0.41>	
314:	 <3,0.00>	 <14,0.18>	 <17,0.00>	 <43,0.00>	 <46,0.00>	 <61,0.00>	 <99,0.82>	
315:	 <3,0.00>	 <14,0.00>	 <17,0.00>	 <43,0.00>	 <46,0.00>	 <61,0.00>	 <99,1.00>	
316:	 <3,0.00>	 <14,0.94>	 <17,0.00>	 <43,0.00>	 <46,0.00>	 <61,0.00>	 <99,0.06>	
317:	 <3,0.00>	 <14,0.00>	 <17,0.00>	 <43,0.00>	 <46,0.00>	 <61,0.00>	 <99,1.00>	
318:	 <3,0.00>	 <14,1.00>	 <17,0.00>	 <43,0.00>	 <46,0.00>	 <61,0.00>	 <99,0.00>	
319:	 <3,0.00>	 <14,0.00>	 <17,0.00>	 <43,1.00>	 <46,0.00>	 <61,0.00>	 <99,0.00>	
320:	 <3,0.00>	 <14,0.00>	 <17,0.00>	 <43,0.00>	 <46,0.00>	 <61,1.00>	 <99,0.00>	
321:	 <3,0.00>	 <14,0.00>	 <17,0.00>	 <43,0.00>	 <46,0.00>	 <61,0.00>	 <99,1.00>	
322:	 <3,0.00>	 <14,0.00>	 <17,0.00>	 <43,0.00>	 <46,0.00>	 <61,0.00>	 <99,1.00>	
323:	 <3,0.00>	 <14,1.00>	 <17,0.00>	 <43,0.00>	 <46,0.00>	 <61,0.00>	 <99,0.00>	
324:	 <3,0.00>	 <14,0.00>	 <17,0.00>	 <43,0.00>	 <46,0.00>	 <61,0.00>	 <99,1.00>	
325:	 <3,0.00>	 <14,0.06>	 <17,0.00>	 <43,0.00>	 <46,0.94>	 <61,0.00>	 <99,0.00>	
326:	 <3,0.00>	 <14,0.00>	 <17,0.00>	 <43,0.24>	 <46,0.00>	 <61,0.00>	 <99,0.76>	
327:	 <3,0.00>	 <14,0.00>	 <17,0.00>	 <43,0.00>	 <46,0.00>	 <61,0.00>	 <99,1.00>	
328:	 <3,0.00>	 <14,0.00>	 <17,0.00>	 <43,0.06>	 <46,0.00>	 <61,0.00>	 <99,0.94>	
329:	 <3,0.00>	 <14,0.00>	 <17,0.00>	 <43,1.00>	 <46,0.00>	 <61,0.00>	 <99,0.00>	
330:	 <3,0.00>	 <14,0.00>	 <17,0.00>	 <43,1.00>	 <46,0.00>	 <61,0.00>	 <99,0.00>	
331:	 <3,1.00>	 <14,0.00>	 <17,0.00>	 <43,0.00>	 <46,0.00>	 <61,0.00>	 <99,0.00>	
332:	 <3,0.00>	 <14,0.29>	 <17,0.00>	 <43,0.00>	 <46,0.00>	 <61,0.00>	 <99,0.71>	
333:	 <3,0.00>	 <14,0.00>	 <17,0.00>	 <43,0.59>	 <46,0.00>	 <61,0.00>	 <99,0.41>	
334:	 <3,0.41>	 <14,0.00>	 <17,0.00>	 <43,0.00>	 <46,0.00>	 <61,0.00>	 <99,0.59>	
335:	 <3,0.00>	 <14,0.00>	 <17,0.00>	 <43,0.00>	 <46,0.00>	 <61,0.88>	 <99,0.12>	
336:	 <3,0.00>	 <14,0.00>	 <17,0.00>	 <43,0.00>	 <46,0.00>	 <61,0.82>	 <99,0.18>	
337:	 <3,0.00>	 <14,0.06>	 <17,0.88>	 <43,0.00>	 <46,0.00>	 <61,0.00>	 <99,0.06>	
338:	 <3,0.00>	 <14,0.00>	 <17,0.00>	 <43,0.00>	 <46,0.00>	 <61,0.00>	 <99,1.00>	
339:	 <3,0.00>	 <14,0.00>	 <17,0.00>	 <43,1.00>	 <46,0.00>	 <61,0.00>	 <99,0.00>	
340:	 <3,0.00>	 <14,0.00>	 <17,0.00>	 <43,0.00>	 <46,0.06>	 <61,0.00>	 <99,0.94>	
341:	 <3,0.00>	 <14,0.00>	 <17,0.00>	 <43,0.00>	 <46,0.00>	 <61,0.00>	 <99,1.00>	
342:	 <3,0.00>	 <14,0.00>	 <17,0.00>	 <43,0.00>	 <46,0.00>	 <61,0.00>	 <99,1.00>	
343:	 <3,0.00>	 <14,0.00>	 <17,1.00>	 <43,0.00>	 <46,0.00>	 <61,0.00>	 <99,0.00>	
344:	 <3,0.00>	 <14,0.00>	 <17,0.00>	 <43,0.00>	 <46,0.00>	 <61,1.00>	 <99,0.00>	
345:	 <3,0.00>	 <14,0.76>	 <17,0.00>	 <43,0.00>	 <46,0.00>	 <61,0.00>	 <99,0.24>	
346:	 <3,0.00>	 <14,0.00>	 <17,0.00>	 <43,0.00>	 <46,0.00>	 <61,0.00>	 <99,1.00>	
347:	 <3,0.00>	 <14,0.00>	 <17,0.00>	 <43,0.00>	 <46,0.00>	 <61,0.00>	 <99,1.00>	
348:	 <3,0.00>	 <14,1.00>	 <17,0.00>	 <43,0.00>	 <46,0.00>	 <61,0.00>	 <99,0.00>	
349:	 <3,0.00>	 <14,0.00>	 <17,0.00>	 <43,0.00>	 <46,0.00>	 <61,0.00>	 <99,1.00>	
350:	 <3,0.00>	 <14,0.00>	 <17,0.00>	 <43,0.00>	 <46,0.00>	 <61,0.00>	 <99,1.00>	
351:	 <3,0.00>	 <14,0.00>	 <17,0.00>	 <43,0.00>	 <46,0.00>	 <61,0.00>	 <99,1.00>	
352:	 <3,0.06>	 <14,0.00>	 <17,0.00>	 <43,0.00>	 <46,0.00>	 <61,0.00>	 <99,0.94>	
353:	 <3,0.00>	 <14,0.00>	 <17,0.00>	 <43,0.00>	 <46,0.12>	 <61,0.00>	 <99,0.88>	
354:	 <3,0.00>	 <14,0.00>	 <17,0.00>	 <43,0.00>	 <46,0.00>	 <61,0.00>	 <99,1.00>	
355:	 <3,0.00>	 <14,0.00>	 <17,0.00>	 <43,0.00>	 <46,0.00>	 <61,0.00>	 <99,1.00>	
356:	 <3,0.00>	 <14,0.00>	 <17,0.00>	 <43,0.00>	 <46,0.00>	 <61,0.00>	 <99,1.00>	
357:	 <3,0.00>	 <14,0.00>	 <17,0.82>	 <43,0.00>	 <46,0.00>	 <61,0.00>	 <99,0.18>	
358:	 <3,0.00>	 <14,0.00>	 <17,0.00>	 <43,1.00>	 <46,0.00>	 <61,0.00>	 <99,0.00>	
359:	 <3,0.00>	 <14,0.00>	 <17,0.00>	 <43,0.00>	 <46,0.00>	 <61,1.00>	 <99,0.00>	
360:	 <3,0.12>	 <14,0.00>	 <17,0.00>	 <43,0.00>	 <46,0.00>	 <61,0.00>	 <99,0.88>	
361:	 <3,0.00>	 <14,0.00>	 <17,0.00>	 <43,0.00>	 <46,0.00>	 <61,0.94>	 <99,0.06>	
362:	 <3,0.00>	 <14,0.00>	 <17,0.00>	 <43,0.00>	 <46,0.00>	 <61,0.00>	 <99,1.00>	
363:	 <3,0.00>	 <14,0.76>	 <17,0.00>	 <43,0.00>	 <46,0.00>	 <61,0.00>	 <99,0.24>	
364:	 <3,0.00>	 <14,0.00>	 <17,0.00>	 <43,0.00>	 <46,0.00>	 <61,0.00>	 <99,1.00>	
365:	 <3,1.00>	 <14,0.00>	 <17,0.00>	 <43,0.00>	 <46,0.00>	 <61,0.00>	 <99,0.00>	
366:	 <3,0.00>	 <14,0.00>	 <17,0.00>	 <43,0.00>	 <46,0.00>	 <61,0.00>	 <99,1.00>	
367:	 <3,0.29>	 <14,0.00>	 <17,0.00>	 <43,0.00>	 <46,0.00>	 <61,0.00>	 <99,0.71>	
368:	 <3,0.00>	 <14,0.00>	 <17,0.00>	 <43,0.00>	 <46,0.00>	 <61,0.00>	 <99,1.00>	
369:	 <3,0.00>	 <14,0.00>	 <17,0.53>	 <43,0.00>	 <46,0.00>	 <61,0.00>	 <99,0.47>	
370:	 <3,0.00>	 <14,0.00>	 <17,0.00>	 <43,0.00>	 <46,0.00>	 <61,0.00>	 <99,1.00>	
371:	 <3,0.00>	 <14,0.00>	 <17,0.00>	 <43,1.00>	 <46,0.00>	 <61,0.00>	 <99,0.00>	
372:	 <3,0.00>	 <14,0.00>	 <17,0.00>	 <43,0.00>	 <46,0.00>	 <61,0.24>	 <99,0.76>	
373:	 <3,0.00>	 <14,0.00>	 <17,0.00>	 <43,0.00>	 <46,0.00>	 <61,0.00>	 <99,1.00>	
374:	 <3,0.00>	 <14,0.00>	 <17,0.00>	 <43,0.00>	 <46,0.00>	 <61,0.00>	 <99,1.00>	
375:	 <3,0.00>	 <14,0.00>	 <17,0.82>	 <43,0.00>	 <46,0.00>	 <61,0.00>	 <99,0.18>	
376:	 <3,0.00>	 <14,0.00>	 <17,0.00>	 <43,0.00>	 <46,0.00>	 <61,0.00>	 <99,1.00>	
377:	 <3,0.94>	 <14,0.00>	 <17,0.00>	 <43,0.00>	 <46,0.00>	 <61,0.00>	 <99,0.06>	
378:	 <3,0.00>	 <14,0.00>	 <17,1.00>	 <43,0.00>	 <46,0.00>	 <61,0.00>	 <99,0.00>	
379:	 <3,0.00>	 <14,0.00>	 <17,0.00>	 <43,0.00>	 <46,0.82>	 <61,0.00>	 <99,0.18>	
380:	 <3,0.00>	 <14,1.00>	 <17,0.00>	 <43,0.00>	 <46,0.00>	 <61,0.00>	 <99,0.00>	
381:	 <3,0.00>	 <14,0.00>	 <17,0.00>	 <43,0.00>	 <46,0.00>	 <61,0.00>	 <99,1.00>	
382:	 <3,0.00>	 <14,0.00>	 <17,0.00>	 <43,0.00>	 <46,0.00>	 <61,0.00>	 <99,1.00>	
383:	 <3,0.00>	 <14,0.00>	 <17,0.41>	 <43,0.00>	 <46,0.00>	 <61,0.00>	 <99,0.59>	
384:	 <3,0.00>	 <14,0.00>	 <17,0.00>	 <43,0.00>	 <46,0.00>	 <61,1.00>	 <99,0.00>	
385:	 <3,0.00>	 <14,0.00>	 <17,0.00>	 <43,0.00>	 <46,0.00>	 <61,0.00>	 <99,1.00>	
386:	 <3,0.00>	 <14,0.00>	 <17,0.00>	 <43,0.00>	 <46,0.00>	 <61,0.94>	 <99,0.06>	
387:	 <3,0.00>	 <14,0.00>	 <17,0.00>	 <43,0.00>	 <46,0.00>	 <61,0.00>	 <99,1.00>	
388:	 <3,0.00>	 <14,0.00>	 <17,0.00>	 <43,0.00>	 <46,0.00>	 <61,0.00>	 <99,1.00>	
389:	 <3,0.24>	 <14,0.00>	 <17,0.00>	 <43,0.00>	 <46,0.00>	 <61,0.00>	 <99,0.76>	
390:	 <3,0.82>	 <14,0.00>	 <17,0.00>	 <43,0.00>	 <46,0.00>	 <61,0.00>	 <99,0.18>	
391:	 <3,0.00>	 <14,1.00>	 <17,0.00>	 <43,0.00>	 <46,0.00>	 <61,0.00>	 <99,0.00>	
392:	 <3,0.00>	 <14,0.00>	 <17,0.00>	 <43,0.00>	 <46,0.00>	 <61,0.00>	 <99,1.00>	
393:	 <3,0.00>	 <14,0.00>	 <17,0.00>	 <43,0.00>	 <46,0.00>	 <61,1.00>	 <99,0.00>	
394:	 <3,0.00>	 <14,0.00>	 <17,0.00>	 <43,0.00>	 <46,0.00>	 <61,0.00>	 <99,1.00>	
395:	 <3,0.00>	 <14,0.00>	 <17,0.00>	 <43,0.00>	 <46,0.00>	 <61,0.00>	 <99,1.00>	
396:	 <3,0.00>	 <14,0.00>	 <17,0.00>	 <43,0.00>	 <46,0.00>	 <61,0.06>	 <99,0.94>	
397:	 <3,0.00>	 <14,0.00>	 <17,0.00>	 <43,0.06>	 <46,0.00>	 <61,0.00>	 <99,0.94>	
398:	 <3,0.00>	 <14,1.00>	 <17,0.00>	 <43,0.00>	 <46,0.00>	 <61,0.00>	 <99,0.00>	
399:	 <3,0.00>	 <14,0.00>	 <17,0.00>	 <43,0.00>	 <46,0.06>	 <61,0.00>	 <99,0.94>	
400:	 <3,0.00>	 <14,1.00>	 <17,0.00>	 <43,0.00>	 <46,0.00>	 <61,0.00>	 <99,0.00>	
401:	 <3,0.00>	 <14,0.00>	 <17,0.00>	 <43,0.00>	 <46,0.00>	 <61,0.00>	 <99,1.00>	
402:	 <3,0.00>	 <14,0.00>	 <17,0.00>	 <43,0.35>	 <46,0.00>	 <61,0.00>	 <99,0.65>	
403:	 <3,0.00>	 <14,0.00>	 <17,0.00>	 <43,0.00>	 <46,0.00>	 <61,0.00>	 <99,1.00>	
404:	 <3,0.00>	 <14,0.35>	 <17,0.00>	 <43,0.00>	 <46,0.00>	 <61,0.00>	 <99,0.65>	
405:	 <3,0.00>	 <14,0.00>	 <17,0.00>	 <43,0.00>	 <46,0.00>	 <61,0.00>	 <99,1.00>	
406:	 <3,0.00>	 <14,0.00>	 <17,0.00>	 <43,0.82>	 <46,0.00>	 <61,0.00>	 <99,0.18>	
407:	 <3,0.00>	 <14,0.00>	 <17,0.00>	 <43,0.00>	 <46,0.00>	 <61,0.88>	 <99,0.12>	
408:	 <3,0.00>	 <14,0.35>	 <17,0.00>	 <43,0.00>	 <46,0.00>	 <61,0.00>	 <99,0.65>	
409:	 <3,0.00>	 <14,0.88>	 <17,0.00>	 <43,0.00>	 <46,0.00>	 <61,0.00>	 <99,0.12>	
410:	 <3,0.00>	 <14,0.00>	 <17,0.00>	 <43,0.00>	 <46,0.00>	 <61,1.00>	 <99,0.00>	
411:	 <3,0.06>	 <14,0.00>	 <17,0.00>	 <43,0.00>	 <46,0.00>	 <61,0.00>	 <99,0.94>	
412:	 <3,0.00>	 <14,0.18>	 <17,0.00>	 <43,0.00>	 <46,0.00>	 <61,0.00>	 <99,0.82>	
413:	 <3,0.00>	 <14,0.00>	 <17,0.00>	 <43,0.00>	 <46,0.06>	 <61,0.00>	 <99,0.94>	
414:	 <3,0.00>	 <14,0.94>	 <17,0.00>	 <43,0.00>	 <46,0.00>	 <61,0.00>	 <99,0.06>	
415:	 <3,0.00>	 <14,0.00>	 <17,0.00>	 <43,0.06>	 <46,0.00>	 <61,0.00>	 <99,0.94>	
416:	 <3,0.00>	 <14,0.94>	 <17,0.00>	 <43,0.00>	 <46,0.00>	 <61,0.00>	 <99,0.06>	
417:	 <3,0.00>	 <14,0.00>	 <17,0.00>	 <43,0.00>	 <46,0.00>	 <61,0.00>	 <99,1.00>	
418:	 <3,0.12>	 <14,0.00>	 <17,0.00>	 <43,0.00>	 <46,0.00>	 <61,0.00>	 <99,0.88>	
419:	 <3,0.00>	 <14,0.00>	 <17,0.00>	 <43,0.41>	 <46,0.00>	 <61,0.00>	 <99,0.59>	
420:	 <3,0.00>	 <14,0.00>	 <17,0.00>	 <43,0.00>	 <46,1.00>	 <61,0.00>	 <99,0.00>	
421:	 <3,0.00>	 <14,0.00>	 <17,0.00>	 <43,0.00>	 <46,0.59>	 <61,0.00>	 <99,0.41>	
422:	 <3,0.00>	 <14,0.00>	 <17,1.00>	 <43,0.00>	 <46,0.00>	 <61,0.00>	 <99,0.00>	
423:	 <3,0.00>	 <14,0.00>	 <17,0.00>	 <43,0.00>	 <46,0.00>	 <61,1.00>	 <99,0.00>	
424:	 <3,0.00>	 <14,0.00>	 <17,0.00>	 <43,0.00>	 <46,0.00>	 <61,0.00>	 <99,1.00>	
425:	 <3,0.29>	 <14,0.00>	 <17,0.00>	 <43,0.00>	 <46,0.00>	 <61,0.00>	 <99,0.71>	
426:	 <3,0.00>	 <14,0.00>	 <17,0.00>	 <43,0.00>	 <46,0.00>	 <61,0.00>	 <99,1.00>	
427:	 <3,0.00>	 <14,0.00>	 <17,0.00>	 <43,0.00>	 <46,0.00>	 <61,0.00>	 <99,1.00>	
428:	 <3,0.00>	 <14,0.00>	 <17,0.00>	 <43,0.00>	 <46,0.00>	 <61,0.06>	 <99,0.94>	
429:	 <3,0.00>	 <14,0.00>	 <17,1.00>	 <43,0.00>	 <46,0.00>	 <61,0.00>	 <99,0.00>	
430:	 <3,0.29>	 <14,0.00>	 <17,0.00>	 <43,0.00>	 <46,0.00>	 <61,0.00>	 <99,0.71>	
431:	 <3,0.00>	 <14,0.00>	 <17,0.00>	 <43,0.00>	 <46,0.00>	 <61,0.00>	 <99,1.00>	
432:	 <3,0.00>	 <14,0.88>	 <17,0.00>	 <43,0.00>	 <46,0.00>	 <61,0.00>	 <99,0.12>	
433:	 <3,0.00>	 <14,0.12>	 <17,0.00>	 <43,0.00>	 <46,0.00>	 <61,0.00>	 <99,0.88>	
434:	 <3,0.00>	 <14,0.00>	 <17,0.00>	 <43,0.00>	 <46,0.00>	 <61,0.00>	 <99,1.00>	
435:	 <3,0.00>	 <14,0.00>	 <17,0.00>	 <43,0.00>	 <46,0.00>	 <61,0.00>	 <99,1.00>	
436:	 <3,0.00>	 <14,0.00>	 <17,0.00>	 <43,0.00>	 <46,0.00>	 <61,0.00>	 <99,1.00>	
437:	 <3,0.00>	 <14,0.00>	 <17,0.00>	 <43,0.00>	 <46,0.00>	 <61,0.24>	 <99,0.76>	
438:	 <3,0.00>	 <14,0.00>	 <17,0.00>	 <43,0.00>	 <46,0.00>	 <61,0.00>	 <99,1.00>	
439:	 <3,0.00>	 <14,1.00>	 <17,0.00>	 <43,0.00>	 <46,0.00>	 <61,0.00>	 <99,0.00>	
440:	 <3,0.00>	 <14,0.00>	 <17,0.00>	 <43,0.12>	 <46,0.00>	 <61,0.00>	 <99,0.88>	
441:	 <3,0.00>	 <14,0.00>	 <17,0.00>	 <43,0.00>	 <46,0.00>	 <61,0.00>	 <99,1.00>	
442:	 <3,0.00>	 <14,0.00>	 <17,0.71>	 <43,0.00>	 <46,0.00>	 <61,0.00>	 <99,0.29>	
443:	 <3,0.00>	 <14,0.00>	 <17,0.00>	 <43,0.00>	 <46,0.00>	 <61,0.00>	 <99,1.00>	
444:	 <3,0.00>	 <14,0.00>	 <17,0.00>	 <43,0.71>	 <46,0.00>	 <61,0.00>	 <99,0.29>	
445:	 <3,0.00>	 <14,0.00>	 <17,1.00>	 <43,0.00>	 <46,0.00>	 <61,0.00>	 <99,0.00>	
446:	 <3,0.00>	 <14,0.00>	 <17,0.00>	 <43,0.00>	 <46,0.00>	 <61,0.00>	 <99,1.00>	
447:	 <3,0.00>	 <14,0.94>	 <17,0.06>	 <43,0.00>	 <46,0.00>	 <61,0.00>	 <99,0.00>	
448:	 <3,0.00>	 <14,0.00>	 <17,0.00>	 <43,0.00>	 <46,0.00>	 <61,0.00>	 <99,1.00>	
449:	 <3,0.00>	 <14,0.00>	 <17,0.00>	 <43,0.94>	 <46,0.06>	 <61,0.00>	 <99,0.00>	
450:	 <3,0.00>	 <14,0.00>	 <17,0.00>	 <43,0.00>	 <46,0.00>	 <61,0.00>	 <99,1.00>	
451:	 <3,0.00>	 <14,0.00>	 <17,0.00>	 <43,0.00>	 <46,0.00>	 <61,0.12>	 <99,0.88>	
452:	 <3,0.29>	 <14,0.00>	 <17,0.00>	 <43,0.00>	 <46,0.00>	 <61,0.00>	 <99,0.71>	
453:	 <3,0.00>	 <14,0.00>	 <17,0.00>	 <43,0.00>	 <46,0.00>	 <61,0.00>	 <99,1.00>	
454:	 <3,0.00>	 <14,0.00>	 <17,0.00>	 <43,0.00>	 <46,0.00>	 <61,0.00>	 <99,1.00>	
455:	 <3,0.24>	 <14,0.00>	 <17,0.00>	 <43,0.00>	 <46,0.00>	 <61,0.00>	 <99,0.76>	
456:	 <3,0.00>	 <14,0.94>	 <17,0.00>	 <43,0.00>	 <46,0.00>	 <61,0.00>	 <99,0.06>	
457:	 <3,0.06>	 <14,0.00>	 <17,0.00>	 <43,0.00>	 <46,0.00>	 <61,0.00>	 <99,0.94>	
458:	 <3,0.00>	 <14,0.00>	 <17,0.00>	 <43,0.00>	 <46,0.00>	 <61,0.06>	 <99,0.94>	
459:	 <3,0.00>	 <14,0.00>	 <17,0.00>	 <43,0.00>	 <46,0.00>	 <61,0.00>	 <99,1.00>	
460:	 <3,0.00>	 <14,0.00>	 <17,0.00>	 <43,0.00>	 <46,0.00>	 <61,0.00>	 <99,1.00>	
461:	 <3,0.88>	 <14,0.00>	 <17,0.00>	 <43,0.00>	 <46,0.00>	 <61,0.00>	 <99,0.12>	
462:	 <3,0.00>	 <14,0.88>	 <17,0.00>	 <43,0.00>	 <46,0.00>	 <61,0.00>	 <99,0.12>	
463:	 <3,0.00>	 <14,0.00>	 <17,1.00>	 <43,0.00>	 <46,0.00>	 <61,0.00>	 <99,0.00>	
464:	 <3,0.18>	 <14,0.00>	 <17,0.00>	 <43,0.00>	 <46,0.00>	 <61,0.00>	 <99,0.82>	
465:	 <3,0.00>	 <14,1.00>	 <17,0.00>	 <43,0.00>	 <46,0.00>	 <61,0.00>	 <99,0.00>	
466:	 <3,0.00>	 <14,0.00>	 <17,0.00>	 <43,0.00>	 <46,0.00>	 <61,0.41>	 <99,0.59>	
467:	 <3,0.00>	 <14,0.00>	 <17,0.00>	 <43,0.94>	 <46,0.00>	 <61,0.00>	 <99,0.06>	
468:	 <3,0.00>	 <14,0.00>	 <17,0.00>	 <43,0.00>	 <46,0.00>	 <61,0.00>	 <99,1.00>	
469:	 <3,0.00>	 <14,0.00>	 <17,0.00>	 <43,1.00>	 <46,0.00>	 <61,0.00>	 <99,0.00>	
470:	 <3,0.24>	 <14,0.00>	 <17,0.00>	 <43,0.00>	 <46,0.00>	 <61,0.00>	 <99,0.76>	
471:	 <3,0.00>	 <14,1.00>	 <17,0.00>	 <43,0.00>	 <46,0.00>	 <61,0.00>	 <99,0.00>	
472:	 <3,0.00>	 <14,0.00>	 <17,0.00>	 <43,0.00>	 <46,0.00>	 <61,0.00>	 <99,1.00>	
473:	 <3,0.00>	 <14,1.00>	 <17,0.00>	 <43,0.00>	 <46,0.00>	 <61,0.00>	 <99,0.00>	
474:	 <3,0.47>	 <14,0.00>	 <17,0.00>	 <43,0.00>	 <46,0.00>	 <61,0.00>	 <99,0.53>	
475:	 <3,0.00>	 <14,0.00>	 <17,0.00>	 <43,0.00>	 <46,0.00>	 <61,0.00>	 <99,1.00>	
476:	 <3,0.00>	 <14,0.00>	 <17,0.00>	 <43,0.00>	 <46,0.06>	 <61,0.00>	 <99,0.94>	
477:	 <3,0.06>	 <14,0.00>	 <17,0.00>	 <43,0.00>	 <46,0.00>	 <61,0.00>	 <99,0.94>	
478:	 <3,0.00>	 <14,0.00>	 <17,0.00>	 <43,0.00>	 <46,0.00>	 <61,0.00>	 <99,1.00>	
479:	 <3,0.00>	 <14,0.00>	 <17,0.00>	 <43,0.00>	 <46,0.00>	 <61,0.00>	 <99,1.00>	
480:	 <3,0.00>	 <14,0.00>	 <17,0.00>	 <43,0.00>	 <46,0.00>	 <61,0.00>	 <99,1.00>	
481:	 <3,0.00>	 <14,0.00>	 <17,0.00>	 <43,0.00>	 <46,0.00>	 <61,0.82>	 <99,0.18>	
482:	 <3,0.00>	 <14,0.29>	 <17,0.00>	 <43,0.00>	 <46,0.00>	 <61,0.00>	 <99,0.71>	
483:	 <3,0.00>	 <14,0.00>	 <17,0.00>	 <43,0.00>	 <46,0.00>	 <61,0.00>	 <99,1.00>	
484:	 <3,0.00>	 <14,0.00>	 <17,0.00>	 <43,0.00>	 <46,0.00>	 <61,0.00>	 <99,1.00>	
485:	 <3,0.00>	 <14,0.00>	 <17,1.00>	 <43,0.00>	 <46,0.00>	 <61,0.00>	 <99,0.00>	
486:	 <3,0.00>	 <14,0.00>	 <17,0.06>	 <43,0.00>	 <46,0.00>	 <61,0.00>	 <99,0.94>	
487:	 <3,0.00>	 <14,0.00>	 <17,0.00>	 <43,0.00>	 <46,0.00>	 <61,0.00>	 <99,1.00>	
488:	 <3,0.12>	 <14,0.00>	 <17,0.00>	 <43,0.00>	 <46,0.00>	 <61,0.00>	 <99,0.88>	
489:	 <3,0.00>	 <14,0.00>	 <17,0.00>	 <43,0.00>	 <46,1.00>	 <61,0.00>	 <99,0.00>	
490:	 <3,0.00>	 <14,0.00>	 <17,0.00>	 <43,0.00>	 <46,0.00>	 <61,0.00>	 <99,1.00>	
491:	 <3,0.00>	 <14,0.00>	 <17,0.00>	 <43,0.00>	 <46,0.00>	 <61,0.00>	 <99,1.00>	
492:	 <3,0.41>	 <14,0.00>	 <17,0.00>	 <43,0.00>	 <46,0.00>	 <61,0.00>	 <99,0.59>	
493:	 <3,0.00>	 <14,0.00>	 <17,0.00>	 <43,0.00>	 <46,0.35>	 <61,0.00>	 <99,0.65>	
494:	 <3,0.00>	 <14,0.00>	 <17,0.00>	 <43,0.00>	 <46,0.00>	 <61,1.00>	 <99,0.00>	
495:	 <3,0.00>	 <14,0.00>	 <17,0.00>	 <43,0.00>	 <46,0.00>	 <61,0.00>	 <99,1.00>	
496:	 <3,0.00>	 <14,0.00>	 <17,0.00>	 <43,0.18>	 <46,0.00>	 <61,0.00>	 <99,0.82>	
497:	 <3,0.00>	 <14,0.00>	 <17,1.00>	 <43,0.00>	 <46,0.00>	 <61,0.00>	 <99,0.00>	
498:	 <3,0.00>	 <14,0.00>	 <17,0.00>	 <43,0.18>	 <46,0.00>	 <61,0.00>	 <99,0.82>	
499:	 <3,0.29>	 <14,0.00>	 <17,0.00>	 <43,0.00>	 <46,0.00>	 <61,0.00>	 <99,0.71>	
500:	 <3,0.00>	 <14,0.88>	 <17,0.00>	 <43,0.00>	 <46,0.00>	 <61,0.00>	 <99,0.12>	
501:	 <3,0.00>	 <14,1.00>	 <17,0.00>	 <43,0.00>	 <46,0.00>	 <61,0.00>	 <99,0.00>	
502:	 <3,0.00>	 <14,0.00>	 <17,0.00>	 <43,0.00>	 <46,0.00>	 <61,0.12>	 <99,0.88>	
503:	 <3,0.00>	 <14,0.06>	 <17,0.35>	 <43,0.00>	 <46,0.00>	 <61,0.00>	 <99,0.59>	
504:	 <3,0.00>	 <14,0.00>	 <17,0.00>	 <43,0.00>	 <46,0.00>	 <61,1.00>	 <99,0.00>	
505:	 <3,0.12>	 <14,0.00>	 <17,0.00>	 <43,0.00>	 <46,0.00>	 <61,0.00>	 <99,0.88>	
506:	 <3,0.00>	 <14,1.00>	 <17,0.00>	 <43,0.00>	 <46,0.00>	 <61,0.00>	 <99,0.00>	
507:	 <3,0.00>	 <14,0.00>	 <17,0.00>	 <43,0.00>	 <46,0.00>	 <61,0.00>	 <99,1.00>	
508:	 <3,0.00>	 <14,1.00>	 <17,0.00>	 <43,0.00>	 <46,0.00>	 <61,0.00>	 <99,0.00>	
509:	 <3,0.00>	 <14,0.00>	 <17,0.00>	 <43,0.00>	 <46,0.35>	 <61,0.00>	 <99,0.65>	
510:	 <3,0.12>	 <14,0.00>	 <17,0.00>	 <43,0.00>	 <46,0.00>	 <61,0.00>	 <99,0.88>	
511:	 <3,0.00>	 <14,0.00>	 <17,0.00>	 <43,0.00>	 <46,0.00>	 <61,0.00>	 <99,1.00>	
512:	 <3,0.00>	 <14,0.00>	 <17,0.00>	 <43,0.00>	 <46,0.35>	 <61,0.00>	 <99,0.65>	
513:	 <3,0.00>	 <14,0.00>	 <17,0.00>	 <43,0.00>	 <46,0.00>	 <61,0.82>	 <99,0.18>	
514:	 <3,0.00>	 <14,0.00>	 <17,0.00>	 <43,0.00>	 <46,0.00>	 <61,0.00>	 <99,1.00>	
515:	 <3,0.00>	 <14,0.00>	 <17,0.00>	 <43,0.00>	 <46,0.00>	 <61,0.00>	 <99,1.00>	
516:	 <3,0.00>	 <14,0.00>	 <17,0.00>	 <43,0.00>	 <46,0.00>	 <61,0.00>	 <99,1.00>	
517:	 <3,0.00>	 <14,0.00>	 <17,0.00>	 <43,0.00>	 <46,0.00>	 <61,1.00>	 <99,0.00>	
518:	 <3,0.00>	 <14,0.00>	 <17,0.00>	 <43,0.00>	 <46,0.00>	 <61,0.00>	 <99,1.00>	
519:	 <3,0.00>	 <14,0.06>	 <17,0.00>	 <43,0.00>	 <46,0.00>	 <61,0.00>	 <99,0.94>	
520:	 <3,0.00>	 <14,0.00>	 <17,0.59>	 <43,0.00>	 <46,0.00>	 <61,0.00>	 <99,0.41>	
521:	 <3,0.35>	 <14,0.00>	 <17,0.00>	 <43,0.00>	 <46,0.00>	 <61,0.00>	 <99,0.65>	
522:	 <3,0.00>	 <14,0.06>	 <17,0.82>	 <43,0.00>	 <46,0.00>	 <61,0.00>	 <99,0.12>	
523:	 <3,0.00>	 <14,0.00>	 <17,0.00>	 <43,0.00>	 <46,0.00>	 <61,0.00>	 <99,1.00>	
524:	 <3,0.00>	 <14,0.00>	 <17,0.00>	 <43,0.00>	 <46,0.00>	 <61,0.00>	 <99,1.00>	
525:	 <3,0.00>	 <14,0.00>	 <17,0.00>	 <43,0.00>	 <46,0.00>	 <61,0.00>	 <99,1.00>	
526:	 <3,0.00>	 <14,0.00>	 <17,0.00>	 <43,0.00>	 <46,0.00>	 <61,0.00>	 <99,1.00>	
527:	 <3,0.00>	 <14,0.00>	 <17,0.00>	 <43,0.00>	 <46,0.00>	 <61,0.35>	 <99,0.65>	
528:	 <3,0.00>	 <14,0.00>	 <17,0.00>	 <43,0.00>	 <46,0.00>	 <61,0.76>	 <99,0.24>	
529:	 <3,0.00>	 <14,0.88>	 <17,0.00>	 <43,0.00>	 <46,0.00>	 <61,0.00>	 <99,0.12>	
530:	 <3,0.00>	 <14,0.00>	 <17,0.59>	 <43,0.00>	 <46,0.00>	 <61,0.00>	 <99,0.41>	
531:	 <3,0.00>	 <14,0.06>	 <17,0.88>	 <43,0.00>	 <46,0.00>	 <61,0.00>	 <99,0.06>	
532:	 <3,0.00>	 <14,0.94>	 <17,0.00>	 <43,0.00>	 <46,0.00>	 <61,0.00>	 <99,0.06>	
533:	 <3,0.00>	 <14,0.00>	 <17,0.00>	 <43,0.00>	 <46,0.00>	 <61,0.00>	 <99,1.00>	
534:	 <3,0.00>	 <14,0.12>	 <17,0.00>	 <43,0.00>	 <46,0.00>	 <61,0.00>	 <99,0.88>	
535:	 <3,0.00>	 <14,0.00>	 <17,0.00>	 <43,0.00>	 <46,0.00>	 <61,0.00>	 <99,1.00>	
536:	 <3,0.00>	 <14,0.00>	 <17,0.00>	 <43,0.00>	 <46,0.00>	 <61,0.00>	 <99,1.00>	
537:	 <3,0.59>	 <14,0.00>	 <17,0.00>	 <43,0.00>	 <46,0.00>	 <61,0.00>	 <99,0.41>	
538:	 <3,0.00>	 <14,0.00>	 <17,0.00>	 <43,0.00>	 <46,0.00>	 <61,0.00>	 <99,1.00>	
539:	 <3,0.00>	 <14,0.00>	 <17,0.94>	 <43,0.00>	 <46,0.00>	 <61,0.00>	 <99,0.06>	
540:	 <3,0.00>	 <14,0.00>	 <17,0.00>	 <43,0.00>	 <46,0.12>	 <61,0.00>	 <99,0.88>	
541:	 <3,0.12>	 <14,0.00>	 <17,0.00>	 <43,0.00>	 <46,0.00>	 <61,0.00>	 <99,0.88>	
542:	 <3,0.00>	 <14,0.00>	 <17,0.00>	 <43,0.00>	 <46,0.00>	 <61,0.00>	 <99,1.00>	
543:	 <3,0.00>	 <14,0.00>	 <17,0.00>	 <43,0.00>	 <46,0.00>	 <61,0.00>	 <99,1.00>	
544:	 <3,0.00>	 <14,0.47>	 <17,0.00>	 <43,0.00>	 <46,0.00>	 <61,0.00>	 <99,0.53>	
545:	 <3,0.00>	 <14,0.00>	 <17,0.00>	 <43,0.00>	 <46,0.00>	 <61,0.76>	 <99,0.24>	
546:	 <3,0.00>	 <14,1.00>	 <17,0.00>	 <43,0.00>	 <46,0.00>	 <61,0.00>	 <99,0.00>	
547:	 <3,0.00>	 <14,0.00>	 <17,0.00>	 <43,0.00>	 <46,0.00>	 <61,0.06>	 <99,0.94>	
548:	 <3,0.00>	 <14,0.00>	 <17,0.00>	 <43,0.00>	 <46,0.71>	 <61,0.00>	 <99,0.29>	
549:	 <3,0.00>	 <14,0.00>	 <17,0.00>	 <43,0.24>	 <46,0.00>	 <61,0.00>	 <99,0.76>	
550:	 <3,0.35>	 <14,0.00>	 <17,0.00>	 <43,0.00>	 <46,0.00>	 <61,0.00>	 <99,0.65>	
551:	 <3,0.00>	 <14,0.00>	 <17,0.00>	 <43,0.00>	 <46,0.00>	 <61,0.00>	 <99,1.00>	
552:	 <3,0.00>	 <14,0.00>	 <17,0.00>	 <43,0.00>	 <46,0.00>	 <61,0.00>	 <99,1.00>	
553:	 <3,0.00>	 <14,0.00>	 <17,0.00>	 <43,0.00>	 <46,0.00>	 <61,0.00>	 <99,1.00>	
554:	 <3,0.00>	 <14,0.94>	 <17,0.00>	 <43,0.00>	 <46,0.00>	 <61,0.00>	 <99,0.06>	
555:	 <3,0.00>	 <14,0.00>	 <17,0.00>	 <43,0.00>	 <46,0.00>	 <61,0.00>	 <99,1.00>	
556:	 <3,0.00>	 <14,0.00>	 <17,0.00>	 <43,0.00>	 <46,0.59>	 <61,0.00>	 <99,0.41>	
557:	 <3,0.00>	 <14,0.00>	 <17,0.00>	 <43,0.00>	 <46,0.00>	 <61,0.00>	 <99,1.00>	
558:	 <3,0.00>	 <14,0.00>	 <17,0.00>	 <43,0.00>	 <46,0.00>	 <61,0.00>	 <99,1.00>	
559:	 <3,0.00>	 <14,1.00>	 <17,0.00>	 <43,0.00>	 <46,0.00>	 <61,0.00>	 <99,0.00>	
560:	 <3,0.12>	 <14,0.00>	 <17,0.00>	 <43,0.00>	 <46,0.00>	 <61,0.00>	 <99,0.88>	
561:	 <3,0.00>	 <14,0.06>	 <17,0.00>	 <43,0.00>	 <46,0.00>	 <61,0.00>	 <99,0.94>	
562:	 <3,0.00>	 <14,0.00>	 <17,0.00>	 <43,0.00>	 <46,0.00>	 <61,0.00>	 <99,1.00>	
563:	 <3,0.00>	 <14,0.00>	 <17,0.00>	 <43,0.00>	 <46,0.00>	 <61,0.00>	 <99,1.00>	
564:	 <3,0.47>	 <14,0.00>	 <17,0.00>	 <43,0.00>	 <46,0.00>	 <61,0.00>	 <99,0.53>	
565:	 <3,0.00>	 <14,0.00>	 <17,0.41>	 <43,0.00>	 <46,0.00>	 <61,0.00>	 <99,0.59>	
566:	 <3,0.00>	 <14,0.00>	 <17,0.00>	 <43,0.00>	 <46,0.00>	 <61,0.00>	 <99,1.00>	
567:	 <3,0.00>	 <14,0.00>	 <17,0.00>	 <43,0.00>	 <46,0.00>	 <61,0.00>	 <99,1.00>	
568:	 <3,0.41>	 <14,0.00>	 <17,0.00>	 <43,0.00>	 <46,0.00>	 <61,0.00>	 <99,0.59>	
569:	 <3,0.00>	 <14,0.00>	 <17,0.00>	 <43,0.00>	 <46,0.00>	 <61,0.88>	 <99,0.12>	
570:	 <3,0.00>	 <14,0.00>	 <17,1.00>	 <43,0.00>	 <46,0.00>	 <61,0.00>	 <99,0.00>	
571:	 <3,0.00>	 <14,0.00>	 <17,0.94>	 <43,0.00>	 <46,0.00>	 <61,0.00>	 <99,0.06>	
572:	 <3,0.00>	 <14,0.00>	 <17,0.00>	 <43,0.00>	 <46,0.00>	 <61,0.00>	 <99,1.00>	
573:	 <3,0.00>	 <14,0.00>	 <17,0.94>	 <43,0.00>	 <46,0.00>	 <61,0.00>	 <99,0.06>	
574:	 <3,0.00>	 <14,0.00>	 <17,0.00>	 <43,0.00>	 <46,0.00>	 <61,0.00>	 <99,1.00>	
575:	 <3,0.00>	 <14,0.00>	 <17,0.00>	 <43,0.00>	 <46,0.00>	 <61,0.00>	 <99,1.00>	
576:	 <3,0.00>	 <14,0.00>	 <17,0.00>	 <43,0.00>	 <46,0.00>	 <61,1.00>	 <99,0.00>	
577:	 <3,0.00>	 <14,0.00>	 <17,0.00>	 <43,0.00>	 <46,0.00>	 <61,0.00>	 <99,1.00>	
578:	 <3,0.00>	 <14,0.00>	 <17,0.00>	 <43,0.00>	 <46,0.00>	 <61,0.00>	 <99,1.00>	
579:	 <3,0.00>	 <14,0.00>	 <17,0.59>	 <43,0.00>	 <46,0.00>	 <61,0.00>	 <99,0.41>	
580:	 <3,0.00>	 <14,0.00>	 <17,0.00>	 <43,0.00>	 <46,0.00>	 <61,0.00>	 <99,1.00>	
581:	 <3,0.00>	 <14,0.00>	 <17,0.00>	 <43,0.00>	 <46,0.00>	 <61,0.00>	 <99,1.00>	
582:	 <3,0.00>	 <14,1.00>	 <17,0.00>	 <43,0.00>	 <46,0.00>	 <61,0.00>	 <99,0.00>	
583:	 <3,0.00>	 <14,0.00>	 <17,1.00>	 <43,0.00>	 <46,0.00>	 <61,0.00>	 <99,0.00>	
584:	 <3,0.24>	 <14,0.00>	 <17,0.00>	 <43,0.00>	 <46,0.00>	 <61,0.00>	 <99,0.76>	
585:	 <3,0.00>	 <14,1.00>	 <17,0.00>	 <43,0.00>	 <46,0.00>	 <61,0.00>	 <99,0.00>	
586:	 <3,0.00>	 <14,0.06>	 <17,0.88>	 <43,0.00>	 <46,0.00>	 <61,0.00>	 <99,0.06>	
587:	 <3,0.00>	 <14,0.00>	 <17,0.35>	 <43,0.00>	 <46,0.00>	 <61,0.00>	 <99,0.65>	
588:	 <3,0.00>	 <14,0.88>	 <17,0.06>	 <43,0.00>	 <46,0.00>	 <61,0.00>	 <99,0.06>	
589:	 <3,0.00>	 <14,0.00>	 <17,0.00>	 <43,0.00>	 <46,0.00>	 <61,0.00>	 <99,1.00>	
590:	 <3,0.00>	 <14,0.00>	 <17,0.00>	 <43,0.00>	 <46,0.00>	 <61,0.00>	 <99,1.00>	
591:	 <3,0.00>	 <14,0.00>	 <17,0.00>	 <43,0.00>	 <46,0.00>	 <61,0.06>	 <99,0.94>	
592:	 <3,0.00>	 <14,0.00>	 <17,0.00>	 <43,0.00>	 <46,0.00>	 <61,0.94>	 <99,0.06>	
593:	 <3,0.00>	 <14,0.00>	 <17,0.00>	 <43,0.00>	 <46,0.00>	 <61,0.06>	 <99,0.94>	
594:	 <3,0.00>	 <14,0.00>	 <17,0.00>	 <43,0.00>	 <46,0.00>	 <61,0.00>	 <99,1.00>	
595:	 <3,0.00>	 <14,1.00>	 <17,0.00>	 <43,0.00>	 <46,0.00>	 <61,0.00>	 <99,0.00>	
596:	 <3,0.00>	 <14,0.00>	 <17,0.00>	 <43,0.00>	 <46,0.00>	 <61,0.00>	 <99,1.00>	
597:	 <3,0.00>	 <14,0.00>	 <17,0.00>	 <43,0.00>	 <46,0.00>	 <61,0.00>	 <99,1.00>	
598:	 <3,0.00>	 <14,0.00>	 <17,0.00>	 <43,0.00>	 <46,0.00>	 <61,0.59>	 <99,0.41>	
599:	 <3,0.00>	 <14,0.00>	 <17,0.00>	 <43,0.00>	 <46,0.00>	 <61,0.00>	 <99,1.00>	
600:	 <3,0.00>	 <14,0.00>	 <17,0.00>	 <43,0.00>	 <46,0.00>	 <61,0.00>	 <99,1.00>	
601:	 <3,0.00>	 <14,0.00>	 <17,0.00>	 <43,0.00>	 <46,0.00>	 <61,0.00>	 <99,1.00>	
602:	 <3,0.00>	 <14,0.00>	 <17,0.00>	 <43,0.00>	 <46,0.06>	 <61,0.00>	 <99,0.94>	
603:	 <3,0.00>	 <14,0.00>	 <17,0.00>	 <43,0.00>	 <46,0.00>	 <61,0.00>	 <99,1.00>	
604:	 <3,0.00>	 <14,0.00>	 <17,0.00>	 <43,0.00>	 <46,0.94>	 <61,0.00>	 <99,0.06>	
605:	 <3,0.00>	 <14,0.00>	 <17,0.00>	 <43,0.00>	 <46,0.00>	 <61,0.00>	 <99,1.00>	
606:	 <3,0.00>	 <14,0.00>	 <17,0.00>	 <43,0.00>	 <46,0.00>	 <61,0.00>	 <99,1.00>	
607:	 <3,0.00>	 <14,0.00>	 <17,0.00>	 <43,0.94>	 <46,0.00>	 <61,0.00>	 <99,0.06>	
608:	 <3,0.00>	 <14,0.00>	 <17,0.00>	 <43,0.18>	 <46,0.00>	 <61,0.00>	 <99,0.82>	
609:	 <3,0.00>	 <14,0.00>	 <17,1.00>	 <43,0.00>	 <46,0.00>	 <61,0.00>	 <99,0.00>	
610:	 <3,0.00>	 <14,0.00>	 <17,0.00>	 <43,0.00>	 <46,0.00>	 <61,0.00>	 <99,1.00>	
611:	 <3,0.29>	 <14,0.00>	 <17,0.00>	 <43,0.00>	 <46,0.00>	 <61,0.00>	 <99,0.71>	
612:	 <3,0.00>	 <14,0.00>	 <17,0.00>	 <43,0.00>	 <46,0.00>	 <61,0.00>	 <99,1.00>	
613:	 <3,0.00>	 <14,0.00>	 <17,0.00>	 <43,0.00>	 <46,0.00>	 <61,0.00>	 <99,1.00>	
614:	 <3,0.00>	 <14,0.88>	 <17,0.00>	 <43,0.00>	 <46,0.00>	 <61,0.00>	 <99,0.12>	
615:	 <3,0.00>	 <14,0.00>	 <17,0.00>	 <43,0.06>	 <46,0.00>	 <61,0.00>	 <99,0.94>	
616:	 <3,0.00>	 <14,0.00>	 <17,0.00>	 <43,0.00>	 <46,0.88>	 <61,0.00>	 <99,0.12>	
617:	 <3,0.00>	 <14,0.00>	 <17,0.00>	 <43,0.00>	 <46,0.00>	 <61,1.00>	 <99,0.00>	
618:	 <3,0.00>	 <14,0.00>	 <17,0.00>	 <43,0.00>	 <46,0.00>	 <61,0.00>	 <99,1.00>	
619:	 <3,0.00>	 <14,0.00>	 <17,0.00>	 <43,0.00>	 <46,0.00>	 <61,0.18>	 <99,0.82>	
620:	 <3,0.00>	 <14,1.00>	 <17,0.00>	 <43,0.00>	 <46,0.00>	 <61,0.00>	 <99,0.00>	
621:	 <3,0.00>	 <14,0.00>	 <17,0.88>	 <43,0.00>	 <46,0.00>	 <61,0.00>	 <99,0.12>	
622:	 <3,0.00>	 <14,0.00>	 <17,0.00>	 <43,0.00>	 <46,0.00>	 <61,0.76>	 <99,0.24>	
623:	 <3,0.00>	 <14,0.00>	 <17,0.00>	 <43,0.00>	 <46,0.06>	 <61,0.00>	 <99,0.94>	
624:	 <3,0.00>	 <14,0.00>	 <17,0.00>	 <43,0.00>	 <46,0.00>	 <61,0.00>	 <99,1.00>	
625:	 <3,0.59>	 <14,0.00>	 <17,0.00>	 <43,0.00>	 <46,0.00>	 <61,0.00>	 <99,0.41>	
626:	 <3,0.00>	 <14,0.00>	 <17,0.00>	 <43,0.00>	 <46,0.00>	 <61,0.00>	 <99,1.00>	
627:	 <3,0.00>	 <14,0.00>	 <17,0.00>	 <43,0.00>	 <46,0.00>	 <61,0.00>	 <99,1.00>	
628:	 <3,0.00>	 <14,0.00>	 <17,0.00>	 <43,0.00>	 <46,0.94>	 <61,0.00>	 <99,0.06>	
629:	 <3,0.00>	 <14,0.00>	 <17,0.00>	 <43,0.00>	 <46,0.00>	 <61,0.00>	 <99,1.00>	
630:	 <3,0.65>	 <14,0.00>	 <17,0.00>	 <43,0.00>	 <46,0.00>	 <61,0.00>	 <99,0.35>	
631:	 <3,0.12>	 <14,0.00>	 <17,0.00>	 <43,0.00>	 <46,0.00>	 <61,0.00>	 <99,0.88>	
632:	 <3,0.00>	 <14,0.00>	 <17,0.00>	 <43,0.00>	 <46,0.00>	 <61,0.00>	 <99,1.00>	
633:	 <3,0.00>	 <14,1.00>	 <17,0.00>	 <43,0.00>	 <46,0.00>	 <61,0.00>	 <99,0.00>	
634:	 <3,0.00>	 <14,0.00>	 <17,0.00>	 <43,0.00>	 <46,0.00>	 <61,0.00>	 <99,1.00>	
635:	 <3,0.00>	 <14,0.00>	 <17,0.00>	 <43,0.00>	 <46,0.00>	 <61,0.00>	 <99,1.00>	
636:	 <3,0.00>	 <14,0.00>	 <17,0.00>	 <43,0.00>	 <46,0.00>	 <61,0.12>	 <99,0.88>	
637:	 <3,0.00>	 <14,0.00>	 <17,0.00>	 <43,0.12>	 <46,0.00>	 <61,0.00>	 <99,0.88>	
638:	 <3,0.00>	 <14,0.00>	 <17,0.00>	 <43,0.00>	 <46,0.00>	 <61,0.00>	 <99,1.00>	
639:	 <3,0.00>	 <14,0.00>	 <17,0.00>	 <43,0.00>	 <46,0.06>	 <61,0.00>	 <99,0.94>	
640:	 <3,0.00>	 <14,0.94>	 <17,0.00>	 <43,0.00>	 <46,0.00>	 <61,0.00>	 <99,0.06>	
641:	 <3,0.00>	 <14,0.00>	 <17,0.00>	 <43,0.06>	 <46,0.00>	 <61,0.00>	 <99,0.94>	
642:	 <3,0.00>	 <14,0.00>	 <17,0.00>	 <43,0.12>	 <46,0.00>	 <61,0.00>	 <99,0.88>	
643:	 <3,0.00>	 <14,1.00>	 <17,0.00>	 <43,0.00>	 <46,0.00>	 <61,0.00>	 <99,0.00>	
644:	 <3,0.00>	 <14,0.00>	 <17,0.00>	 <43,0.00>	 <46,0.00>	 <61,0.00>	 <99,1.00>	
645:	 <3,0.00>	 <14,0.00>	 <17,0.00>	 <43,0.00>	 <46,0.00>	 <61,0.00>	 <99,1.00>	
646:	 <3,0.00>	 <14,0.00>	 <17,0.00>	 <43,0.00>	 <46,0.00>	 <61,0.00>	 <99,1.00>	
647:	 <3,0.00>	 <14,0.00>	 <17,0.00>	 <43,0.00>	 <46,0.00>	 <61,0.00>	 <99,1.00>	
648:	 <3,0.00>	 <14,0.00>	 <17,0.00>	 <43,0.00>	 <46,0.00>	 <61,0.00>	 <99,1.00>	
649:	 <3,0.00>	 <14,0.00>	 <17,0.00>	 <43,1.00>	 <46,0.00>	 <61,0.00>	 <99,0.00>	
650:	 <3,0.00>	 <14,0.00>	 <17,0.00>	 <43,1.00>	 <46,0.00>	 <61,0.00>	 <99,0.00>	
651:	 <3,0.88>	 <14,0.00>	 <17,0.00>	 <43,0.00>	 <46,0.00>	 <61,0.00>	 <99,0.12>	
652:	 <3,0.00>	 <14,0.00>	 <17,0.00>	 <43,0.00>	 <46,0.00>	 <61,0.00>	 <99,1.00>	
653:	 <3,0.00>	 <14,0.00>	 <17,0.00>	 <43,0.00>	 <46,0.00>	 <61,0.00>	 <99,1.00>	
654:	 <3,0.00>	 <14,0.00>	 <17,0.00>	 <43,0.00>	 <46,0.00>	 <61,0.00>	 <99,1.00>	
655:	 <3,0.00>	 <14,0.00>	 <17,0.88>	 <43,0.00>	 <46,0.00>	 <61,0.00>	 <99,0.12>	
656:	 <3,0.00>	 <14,0.00>	 <17,0.00>	 <43,0.00>	 <46,0.12>	 <61,0.47>	 <99,0.41>	
657:	 <3,0.00>	 <14,0.00>	 <17,0.00>	 <43,0.00>	 <46,0.00>	 <61,0.00>	 <99,1.00>	
658:	 <3,0.00>	 <14,0.00>	 <17,0.00>	 <43,0.00>	 <46,0.00>	 <61,0.00>	 <99,1.00>	
659:	 <3,0.00>	 <14,0.00>	 <17,0.00>	 <43,0.00>	 <46,0.06>	 <61,0.00>	 <99,0.94>	
660:	 <3,0.00>	 <14,0.00>	 <17,0.00>	 <43,0.00>	 <46,0.00>	 <61,0.47>	 <99,0.53>	
661:	 <3,0.00>	 <14,0.00>	 <17,0.00>	 <43,0.00>	 <46,0.12>	 <61,0.00>	 <99,0.88>	
662:	 <3,0.06>	 <14,0.00>	 <17,0.00>	 <43,0.00>	 <46,0.00>	 <61,0.00>	 <99,0.94>	
663:	 <3,0.00>	 <14,0.00>	 <17,0.00>	 <43,0.00>	 <46,0.00>	 <61,0.00>	 <99,1.00>	
664:	 <3,0.00>	 <14,0.00>	 <17,0.00>	 <43,0.00>	 <46,0.00>	 <61,0.24>	 <99,0.76>	
665:	 <3,0.00>	 <14,0.00>	 <17,0.65>	 <43,0.00>	 <46,0.00>	 <61,0.00>	 <99,0.35>	
666:	 <3,0.00>	 <14,0.00>	 <17,0.00>	 <43,0.00>	 <46,0.00>	 <61,0.00>	 <99,1.00>	
667:	 <3,0.00>	 <14,0.00>	 <17,0.00>	 <43,0.00>	 <46,0.00>	 <61,0.00>	 <99,1.00>	
668:	 <3,0.00>	 <14,0.00>	 <17,0.00>	 <43,0.00>	 <46,0.00>	 <61,0.88>	 <99,0.12>	
669:	 <3,0.00>	 <14,0.00>	 <17,0.00>	 <43,0.00>	 <46,0.00>	 <61,0.00>	 <99,1.00>	
670:	 <3,0.12>	 <14,0.00>	 <17,0.00>	 <43,0.00>	 <46,0.00>	 <61,0.00>	 <99,0.88>	
671:	 <3,0.00>	 <14,0.00>	 <17,0.59>	 <43,0.00>	 <46,0.00>	 <61,0.00>	 <99,0.41>	
672:	 <3,0.06>	 <14,0.00>	 <17,0.00>	 <43,0.00>	 <46,0.00>	 <61,0.00>	 <99,0.94>	
673:	 <3,0.00>	 <14,1.00>	 <17,0.00>	 <43,0.00>	 <46,0.00>	 <61,0.00>	 <99,0.00>	
674:	 <3,0.00>	 <14,0.00>	 <17,0.00>	 <43,0.00>	 <46,0.00>	 <61,0.06>	 <99,0.94>	
675:	 <3,0.00>	 <14,0.00>	 <17,0.00>	 <43,0.00>	 <46,0.00>	 <61,0.00>	 <99,1.00>	
676:	 <3,0.00>	 <14,0.00>	 <17,0.00>	 <43,0.00>	 <46,0.00>	 <61,0.00>	 <99,1.00>	
677:	 <3,0.00>	 <14,0.00>	 <17,0.12>	 <43,0.00>	 <46,0.00>	 <61,0.00>	 <99,0.88>	
678:	 <3,0.00>	 <14,0.71>	 <17,0.00>	 <43,0.00>	 <46,0.00>	 <61,0.00>	 <99,0.29>	
679:	 <3,0.00>	 <14,0.00>	 <17,0.00>	 <43,0.00>	 <46,0.00>	 <61,0.00>	 <99,1.00>	
680:	 <3,0.00>	 <14,0.00>	 <17,0.00>	 <43,0.00>	 <46,0.00>	 <61,0.00>	 <99,1.00>	
681:	 <3,0.00>	 <14,0.00>	 <17,0.00>	 <43,0.24>	 <46,0.00>	 <61,0.00>	 <99,0.76>	
682:	 <3,0.00>	 <14,0.00>	 <17,0.00>	 <43,0.00>	 <46,0.00>	 <61,0.00>	 <99,1.00>	
683:	 <3,0.00>	 <14,0.00>	 <17,0.59>	 <43,0.00>	 <46,0.00>	 <61,0.00>	 <99,0.41>	
684:	 <3,0.00>	 <14,0.00>	 <17,0.06>	 <43,0.00>	 <46,0.00>	 <61,0.29>	 <99,0.65>	
685:	 <3,0.00>	 <14,0.00>	 <17,0.00>	 <43,0.00>	 <46,0.00>	 <61,0.00>	 <99,1.00>	
686:	 <3,0.00>	 <14,0.00>	 <17,0.00>	 <43,0.00>	 <46,0.00>	 <61,0.76>	 <99,0.24>	
687:	 <3,0.00>	 <14,0.00>	 <17,0.41>	 <43,0.00>	 <46,0.00>	 <61,0.00>	 <99,0.59>	
688:	 <3,0.00>	 <14,0.00>	 <17,0.00>	 <43,0.00>	 <46,0.00>	 <61,0.00>	 <99,1.00>	
689:	 <3,0.00>	 <14,0.00>	 <17,0.00>	 <43,0.00>	 <46,0.00>	 <61,0.00>	 <99,1.00>	
690:	 <3,0.00>	 <14,0.00>	 <17,0.00>	 <43,0.00>	 <46,0.00>	 <61,0.00>	 <99,1.00>	
691:	 <3,0.00>	 <14,0.00>	 <17,0.00>	 <43,0.00>	 <46,0.00>	 <61,0.00>	 <99,1.00>	
692:	 <3,0.00>	 <14,0.00>	 <17,0.00>	 <43,0.00>	 <46,0.94>	 <61,0.00>	 <99,0.06>	
693:	 <3,0.00>	 <14,0.94>	 <17,0.00>	 <43,0.00>	 <46,0.00>	 <61,0.00>	 <99,0.06>	
694:	 <3,0.00>	 <14,0.94>	 <17,0.00>	 <43,0.00>	 <46,0.00>	 <61,0.00>	 <99,0.06>	
695:	 <3,0.00>	 <14,0.00>	 <17,0.00>	 <43,0.00>	 <46,0.00>	 <61,0.00>	 <99,1.00>	
696:	 <3,0.00>	 <14,0.94>	 <17,0.00>	 <43,0.00>	 <46,0.00>	 <61,0.00>	 <99,0.06>	
697:	 <3,0.65>	 <14,0.00>	 <17,0.00>	 <43,0.00>	 <46,0.00>	 <61,0.00>	 <99,0.35>	
698:	 <3,0.00>	 <14,0.00>	 <17,0.00>	 <43,0.00>	 <46,0.00>	 <61,0.00>	 <99,1.00>	
699:	 <3,0.35>	 <14,0.00>	 <17,0.00>	 <43,0.00>	 <46,0.00>	 <61,0.00>	 <99,0.65>	
700:	 <3,0.00>	 <14,0.00>	 <17,0.00>	 <43,0.00>	 <46,1.00>	 <61,0.00>	 <99,0.00>	
701:	 <3,0.00>	 <14,1.00>	 <17,0.00>	 <43,0.00>	 <46,0.00>	 <61,0.00>	 <99,0.00>	
702:	 <3,0.00>	 <14,0.00>	 <17,0.00>	 <43,0.00>	 <46,0.00>	 <61,0.00>	 <99,1.00>	
703:	 <3,0.00>	 <14,0.00>	 <17,0.94>	 <43,0.00>	 <46,0.00>	 <61,0.00>	 <99,0.06>	
704:	 <3,0.00>	 <14,0.00>	 <17,0.94>	 <43,0.00>	 <46,0.00>	 <61,0.00>	 <99,0.06>	
705:	 <3,0.00>	 <14,0.00>	 <17,0.82>	 <43,0.00>	 <46,0.00>	 <61,0.00>	 <99,0.18>	
706:	 <3,0.00>	 <14,0.00>	 <17,0.00>	 <43,0.00>	 <46,0.00>	 <61,0.00>	 <99,1.00>	
707:	 <3,0.00>	 <14,0.18>	 <17,0.00>	 <43,0.00>	 <46,0.00>	 <61,0.00>	 <99,0.82>	
708:	 <3,0.00>	 <14,0.00>	 <17,0.00>	 <43,0.00>	 <46,0.00>	 <61,0.00>	 <99,1.00>	
709:	 <3,0.00>	 <14,0.00>	 <17,0.00>	 <43,0.00>	 <46,0.00>	 <61,0.00>	 <99,1.00>	
710:	 <3,0.00>	 <14,0.00>	 <17,0.00>	 <43,0.00>	 <46,0.00>	 <61,0.00>	 <99,1.00>	
711:	 <3,0.00>	 <14,0.00>	 <17,0.00>	 <43,0.00>	 <46,0.00>	 <61,0.00>	 <99,1.00>	
712:	 <3,0.00>	 <14,0.00>	 <17,0.00>	 <43,0.00>	 <46,0.76>	 <61,0.00>	 <99,0.24>	
713:	 <3,0.00>	 <14,0.00>	 <17,0.00>	 <43,0.00>	 <46,0.00>	 <61,0.00>	 <99,1.00>	
714:	 <3,0.00>	 <14,0.00>	 <17,0.00>	 <43,0.00>	 <46,0.00>	 <61,0.00>	 <99,1.00>	
715:	 <3,0.00>	 <14,0.00>	 <17,0.00>	 <43,0.00>	 <46,0.00>	 <61,0.00>	 <99,1.00>	
716:	 <3,0.00>	 <14,0.12>	 <17,0.00>	 <43,0.00>	 <46,0.00>	 <61,0.00>	 <99,0.88>	
717:	 <3,0.06>	 <14,0.00>	 <17,0.00>	 <43,0.00>	 <46,0.00>	 <61,0.00>	 <99,0.94>	
718:	 <3,0.00>	 <14,0.00>	 <17,0.94>	 <43,0.00>	 <46,0.00>	 <61,0.00>	 <99,0.06>	
719:	 <3,0.29>	 <14,0.00>	 <17,0.00>	 <43,0.00>	 <46,0.00>	 <61,0.00>	 <99,0.71>	
720:	 <3,0.00>	 <14,0.00>	 <17,0.00>	 <43,0.00>	 <46,0.00>	 <61,0.00>	 <99,1.00>	
721:	 <3,0.00>	 <14,0.00>	 <17,0.94>	 <43,0.00>	 <46,0.00>	 <61,0.00>	 <99,0.06>	
722:	 <3,0.06>	 <14,0.00>	 <17,0.00>	 <43,0.00>	 <46,0.00>	 <61,0.00>	 <99,0.94>	
723:	 <3,0.65>	 <14,0.00>	 <17,0.00>	 <43,0.00>	 <46,0.00>	 <61,0.00>	 <99,0.35>	
724:	 <3,0.00>	 <14,0.00>	 <17,0.00>	 <43,0.00>	 <46,0.00>	 <61,0.00>	 <99,1.00>	
725:	 <3,0.00>	 <14,0.00>	 <17,0.00>	 <43,0.00>	 <46,0.00>	 <61,0.00>	 <99,1.00>	
726:	 <3,0.00>	 <14,0.00>	 <17,0.00>	 <43,0.00>	 <46,0.00>	 <61,0.00>	 <99,1.00>	
727:	 <3,0.00>	 <14,1.00>	 <17,0.00>	 <43,0.00>	 <46,0.00>	 <61,0.00>	 <99,0.00>	
728:	 <3,0.00>	 <14,0.00>	 <17,0.00>	 <43,0.00>	 <46,0.29>	 <61,0.00>	 <99,0.71>	
729:	 <3,0.00>	 <14,0.00>	 <17,0.00>	 <43,0.00>	 <46,0.00>	 <61,0.00>	 <99,1.00>	
730:	 <3,0.00>	 <14,0.00>	 <17,0.18>	 <43,0.00>	 <46,0.00>	 <61,0.00>	 <99,0.82>	
731:	 <3,0.00>	 <14,0.00>	 <17,0.00>	 <43,0.00>	 <46,0.00>	 <61,1.00>	 <99,0.00>	
732:	 <3,0.00>	 <14,0.00>	 <17,0.00>	 <43,0.00>	 <46,0.00>	 <61,0.00>	 <99,1.00>	
733:	 <3,0.94>	 <14,0.00>	 <17,0.00>	 <43,0.00>	 <46,0.00>	 <61,0.00>	 <99,0.06>	
734:	 <3,0.00>	 <14,0.00>	 <17,0.00>	 <43,0.00>	 <46,0.35>	 <61,0.00>	 <99,0.65>	
735:	 <3,0.00>	 <14,0.00>	 <17,0.00>	 <43,0.00>	 <46,0.00>	 <61,0.71>	 <99,0.29>	
736:	 <3,0.00>	 <14,0.00>	 <17,1.00>	 <43,0.00>	 <46,0.00>	 <61,0.00>	 <99,0.00>	
737:	 <3,0.00>	 <14,1.00>	 <17,0.00>	 <43,0.00>	 <46,0.00>	 <61,0.00>	 <99,0.00>	
738:	 <3,0.00>	 <14,0.00>	 <17,0.00>	 <43,0.00>	 <46,0.00>	 <61,0.00>	 <99,1.00>	
739:	 <3,0.00>	 <14,0.00>	 <17,0.00>	 <43,0.00>	 <46,0.00>	 <61,0.00>	 <99,1.00>	
740:	 <3,0.00>	 <14,0.00>	 <17,0.00>	 <43,0.00>	 <46,0.00>	 <61,0.82>	 <99,0.18>	
741:	 <3,0.00>	 <14,0.00>	 <17,0.00>	 <43,0.00>	 <46,0.06>	 <61,0.00>	 <99,0.94>	
742:	 <3,0.94>	 <14,0.00>	 <17,0.00>	 <43,0.00>	 <46,0.00>	 <61,0.00>	 <99,0.06>	
743:	 <3,0.94>	 <14,0.00>	 <17,0.00>	 <43,0.00>	 <46,0.00>	 <61,0.00>	 <99,0.06>	
744:	 <3,0.00>	 <14,1.00>	 <17,0.00>	 <43,0.00>	 <46,0.00>	 <61,0.00>	 <99,0.00>	
745:	 <3,0.00>	 <14,0.00>	 <17,0.00>	 <43,0.00>	 <46,0.00>	 <61,0.00>	 <99,1.00>	
746:	 <3,0.00>	 <14,0.00>	 <17,0.88>	 <43,0.00>	 <46,0.00>	 <61,0.00>	 <99,0.12>	
747:	 <3,0.00>	 <14,0.00>	 <17,0.88>	 <43,0.00>	 <46,0.00>	 <61,0.00>	 <99,0.12>	
748:	 <3,0.00>	 <14,0.00>	 <17,0.00>	 <43,0.00>	 <46,0.00>	 <61,1.00>	 <99,0.00>	
749:	 <3,0.00>	 <14,0.00>	 <17,0.00>	 <43,0.00>	 <46,0.00>	 <61,0.00>	 <99,1.00>	
750:	 <3,0.00>	 <14,0.00>	 <17,0.00>	 <43,0.35>	 <46,0.00>	 <61,0.00>	 <99,0.65>	
751:	 <3,0.00>	 <14,0.00>	 <17,0.00>	 <43,0.00>	 <46,0.00>	 <61,0.00>	 <99,1.00>	
752:	 <3,0.00>	 <14,0.00>	 <17,0.00>	 <43,0.00>	 <46,0.00>	 <61,0.00>	 <99,1.00>	
753:	 <3,0.00>	 <14,0.00>	 <17,0.00>	 <43,0.00>	 <46,0.00>	 <61,0.00>	 <99,1.00>	
754:	 <3,0.53>	 <14,0.00>	 <17,0.00>	 <43,0.00>	 <46,0.00>	 <61,0.00>	 <99,0.47>	
755:	 <3,0.00>	 <14,0.82>	 <17,0.00>	 <43,0.00>	 <46,0.00>	 <61,0.00>	 <99,0.18>	
756:	 <3,0.00>	 <14,0.00>	 <17,0.00>	 <43,1.00>	 <46,0.00>	 <61,0.00>	 <99,0.00>	
757:	 <3,0.18>	 <14,0.00>	 <17,0.00>	 <43,0.00>	 <46,0.00>	 <61,0.00>	 <99,0.82>	
758:	 <3,0.00>	 <14,0.00>	 <17,0.00>	 <43,0.00>	 <46,0.00>	 <61,0.00>	 <99,1.00>	
759:	 <3,0.00>	 <14,0.00>	 <17,0.88>	 <43,0.00>	 <46,0.00>	 <61,0.00>	 <99,0.12>	
760:	 <3,0.00>	 <14,0.00>	 <17,0.00>	 <43,0.06>	 <46,0.00>	 <61,0.00>	 <99,0.94>	
761:	 <3,0.00>	 <14,0.00>	 <17,0.00>	 <43,0.00>	 <46,0.00>	 <61,0.00>	 <99,1.00>	
762:	 <3,0.00>	 <14,0.00>	 <17,0.59>	 <43,0.00>	 <46,0.00>	 <61,0.00>	 <99,0.41>	
763:	 <3,0.00>	 <14,0.00>	 <17,0.00>	 <43,0.00>	 <46,0.00>	 <61,0.00>	 <99,1.00>	
764:	 <3,0.00>	 <14,0.00>	 <17,0.00>	 <43,0.59>	 <46,0.00>	 <61,0.00>	 <99,0.41>	
765:	 <3,0.00>	 <14,0.00>	 <17,0.00>	 <43,0.00>	 <46,0.00>	 <61,0.00>	 <99,1.00>	
766:	 <3,0.00>	 <14,0.00>	 <17,0.00>	 <43,0.00>	 <46,0.00>	 <61,1.00>	 <99,0.00>	
767:	 <3,0.00>	 <14,0.00>	 <17,1.00>	 <43,0.00>	 <46,0.00>	 <61,0.00>	 <99,0.00>	
768:	 <3,0.00>	 <14,0.00>	 <17,0.00>	 <43,0.00>	 <46,0.00>	 <61,0.00>	 <99,1.00>	
769:	 <3,0.94>	 <14,0.00>	 <17,0.00>	 <43,0.00>	 <46,0.00>	 <61,0.00>	 <99,0.06>	
770:	 <3,0.00>	 <14,0.00>	 <17,0.94>	 <43,0.00>	 <46,0.00>	 <61,0.00>	 <99,0.06>	
771:	 <3,0.00>	 <14,0.00>	 <17,0.00>	 <43,0.00>	 <46,0.06>	 <61,0.00>	 <99,0.94>	
772:	 <3,0.00>	 <14,0.00>	 <17,0.06>	 <43,0.00>	 <46,0.00>	 <61,0.00>	 <99,0.94>	
773:	 <3,0.00>	 <14,0.00>	 <17,0.00>	 <43,0.00>	 <46,0.00>	 <61,0.00>	 <99,1.00>	
774:	 <3,0.00>	 <14,0.88>	 <17,0.12>	 <43,0.00>	 <46,0.00>	 <61,0.00>	 <99,0.00>	
775:	 <3,0.88>	 <14,0.00>	 <17,0.00>	 <43,0.00>	 <46,0.00>	 <61,0.00>	 <99,0.12>	
776:	 <3,0.00>	 <14,0.00>	 <17,0.00>	 <43,0.00>	 <46,0.00>	 <61,0.00>	 <99,1.00>	
777:	 <3,0.00>	 <14,0.71>	 <17,0.00>	 <43,0.00>	 <46,0.00>	 <61,0.00>	 <99,0.29>	
778:	 <3,0.00>	 <14,0.00>	 <17,0.00>	 <43,0.00>	 <46,0.00>	 <61,0.59>	 <99,0.41>	
779:	 <3,0.00>	 <14,0.00>	 <17,1.00>	 <43,0.00>	 <46,0.00>	 <61,0.00>	 <99,0.00>	
780:	 <3,0.00>	 <14,0.00>	 <17,0.00>	 <43,0.00>	 <46,0.00>	 <61,0.00>	 <99,1.00>	
781:	 <3,0.00>	 <14,0.06>	 <17,0.00>	 <43,0.00>	 <46,0.00>	 <61,0.00>	 <99,0.94>	
782:	 <3,0.00>	 <14,0.00>	 <17,0.00>	 <43,0.00>	 <46,0.00>	 <61,0.00>	 <99,1.00>	
783:	 <3,0.00>	 <14,0.00>	 <17,0.00>	 <43,0.00>	 <46,0.00>	 <61,0.00>	 <99,1.00>	
784:	 <3,0.00>	 <14,0.00>	 <17,0.94>	 <43,0.00>	 <46,0.00>	 <61,0.00>	 <99,0.06>	
785:	 <3,0.06>	 <14,0.00>	 <17,0.00>	 <43,0.00>	 <46,0.00>	 <61,0.00>	 <99,0.94>	
786:	 <3,0.00>	 <14,0.00>	 <17,0.00>	 <43,0.00>	 <46,0.00>	 <61,0.00>	 <99,1.00>	
787:	 <3,0.00>	 <14,0.00>	 <17,0.00>	 <43,0.00>	 <46,0.00>	 <61,0.00>	 <99,1.00>	
788:	 <3,0.00>	 <14,0.00>	 <17,0.00>	 <43,0.65>	 <46,0.00>	 <61,0.00>	 <99,0.35>	
789:	 <3,0.00>	 <14,0.00>	 <17,0.00>	 <43,0.00>	 <46,0.00>	 <61,0.06>	 <99,0.94>	
790:	 <3,0.00>	 <14,0.00>	 <17,0.00>	 <43,0.00>	 <46,0.00>	 <61,0.00>	 <99,1.00>	
791:	 <3,0.94>	 <14,0.00>	 <17,0.00>	 <43,0.00>	 <46,0.00>	 <61,0.00>	 <99,0.06>	
792:	 <3,0.00>	 <14,0.82>	 <17,0.06>	 <43,0.00>	 <46,0.00>	 <61,0.00>	 <99,0.12>	
793:	 <3,0.00>	 <14,0.00>	 <17,0.00>	 <43,0.00>	 <46,0.00>	 <61,0.65>	 <99,0.35>	
794:	 <3,0.00>	 <14,0.06>	 <17,0.00>	 <43,0.00>	 <46,0.00>	 <61,0.00>	 <99,0.94>	
795:	 <3,0.00>	 <14,0.00>	 <17,0.00>	 <43,0.00>	 <46,0.00>	 <61,0.94>	 <99,0.06>	
796:	 <3,0.00>	 <14,0.00>	 <17,0.00>	 <43,0.12>	 <46,0.00>	 <61,0.06>	 <99,0.82>	
797:	 <3,0.00>	 <14,0.00>	 <17,0.00>	 <43,0.00>	 <46,0.00>	 <61,0.94>	 <99,0.06>	
798:	 <3,0.00>	 <14,0.00>	 <17,0.00>	 <43,0.00>	 <46,0.00>	 <61,0.00>	 <99,1.00>	
799:	 <3,0.00>	 <14,0.00>	 <17,0.00>	 <43,0.00>	 <46,0.00>	 <61,0.00>	 <99,1.00>	
800:	 <3,0.00>	 <14,0.00>	 <17,0.00>	 <43,0.00>	 <46,0.00>	 <61,0.00>	 <99,1.00>	
801:	 <3,0.00>	 <14,0.00>	 <17,0.00>	 <43,0.00>	 <46,0.00>	 <61,0.00>	 <99,1.00>	
802:	 <3,0.00>	 <14,0.00>	 <17,0.00>	 <43,0.00>	 <46,0.00>	 <61,0.00>	 <99,1.00>	
803:	 <3,0.00>	 <14,0.00>	 <17,0.00>	 <43,0.35>	 <46,0.00>	 <61,0.00>	 <99,0.65>	
804:	 <3,0.00>	 <14,0.00>	 <17,0.00>	 <43,0.06>	 <46,0.00>	 <61,0.00>	 <99,0.94>	
805:	 <3,0.00>	 <14,0.00>	 <17,0.00>	 <43,0.00>	 <46,0.00>	 <61,0.00>	 <99,1.00>	
806:	 <3,0.00>	 <14,0.00>	 <17,0.00>	 <43,0.00>	 <46,0.00>	 <61,0.00>	 <99,1.00>	
807:	 <3,0.00>	 <14,0.00>	 <17,0.00>	 <43,0.00>	 <46,0.00>	 <61,0.00>	 <99,1.00>	
808:	 <3,0.00>	 <14,0.00>	 <17,0.00>	 <43,0.00>	 <46,0.00>	 <61,1.00>	 <99,0.00>	
809:	 <3,0.00>	 <14,0.00>	 <17,0.00>	 <43,0.00>	 <46,0.00>	 <61,0.00>	 <99,1.00>	
810:	 <3,0.00>	 <14,0.00>	 <17,0.00>	 <43,0.00>	 <46,0.00>	 <61,0.59>	 <99,0.41>	
811:	 <3,0.00>	 <14,0.00>	 <17,0.00>	 <43,0.00>	 <46,0.00>	 <61,0.94>	 <99,0.06>	
812:	 <3,0.00>	 <14,0.00>	 <17,0.00>	 <43,0.53>	 <46,0.00>	 <61,0.00>	 <99,0.47>	
813:	 <3,0.00>	 <14,0.00>	 <17,0.00>	 <43,0.00>	 <46,0.00>	 <61,0.00>	 <99,1.00>	
814:	 <3,0.82>	 <14,0.00>	 <17,0.00>	 <43,0.00>	 <46,0.00>	 <61,0.00>	 <99,0.18>	
815:	 <3,0.00>	 <14,0.00>	 <17,0.00>	 <43,0.00>	 <46,0.12>	 <61,0.00>	 <99,0.88>	
816:	 <3,0.00>	 <14,0.00>	 <17,0.35>	 <43,0.00>	 <46,0.00>	 <61,0.00>	 <99,0.65>	
817:	 <3,0.00>	 <14,0.00>	 <17,0.00>	 <43,0.00>	 <46,0.00>	 <61,1.00>	 <99,0.00>	
818:	 <3,0.00>	 <14,0.00>	 <17,0.00>	 <43,0.00>	 <46,0.06>	 <61,0.00>	 <99,0.94>	
819:	 <3,0.00>	 <14,0.00>	 <17,0.00>	 <43,0.00>	 <46,0.00>	 <61,0.00>	 <99,1.00>	
820:	 <3,0.00>	 <14,0.00>	 <17,0.00>	 <43,0.00>	 <46,0.00>	 <61,0.00>	 <99,1.00>	
821:	 <3,0.12>	 <14,0.00>	 <17,0.00>	 <43,0.00>	 <46,0.00>	 <61,0.00>	 <99,0.88>	
822:	 <3,0.65>	 <14,0.00>	 <17,0.00>	 <43,0.00>	 <46,0.00>	 <61,0.00>	 <99,0.35>	
823:	 <3,0.00>	 <14,0.00>	 <17,0.00>	 <43,0.06>	 <46,0.00>	 <61,0.00>	 <99,0.94>	
824:	 <3,0.00>	 <14,0.00>	 <17,0.82>	 <43,0.00>	 <46,0.00>	 <61,0.00>	 <99,0.18>	
825:	 <3,0.00>	 <14,0.00>	 <17,0.59>	 <43,0.00>	 <46,0.00>	 <61,0.00>	 <99,0.41>	
826:	 <3,0.00>	 <14,1.00>	 <17,0.00>	 <43,0.00>	 <46,0.00>	 <61,0.00>	 <99,0.00>	
827:	 <3,0.00>	 <14,0.00>	 <17,0.00>	 <43,0.00>	 <46,0.00>	 <61,0.59>	 <99,0.41>	
828:	 <3,0.00>	 <14,0.00>	 <17,0.00>	 <43,0.00>	 <46,0.00>	 <61,0.00>	 <99,1.00>	
829:	 <3,0.00>	 <14,1.00>	 <17,0.00>	 <43,0.00>	 <46,0.00>	 <61,0.00>	 <99,0.00>	
830:	 <3,0.00>	 <14,0.00>	 <17,0.00>	 <43,0.00>	 <46,0.00>	 <61,0.00>	 <99,1.00>	
831:	 <3,0.41>	 <14,0.00>	 <17,0.00>	 <43,0.00>	 <46,0.00>	 <61,0.00>	 <99,0.59>	
832:	 <3,0.00>	 <14,0.18>	 <17,0.00>	 <43,0.00>	 <46,0.00>	 <61,0.00>	 <99,0.82>	
833:	 <3,0.00>	 <14,0.00>	 <17,0.00>	 <43,0.00>	 <46,0.00>	 <61,0.00>	 <99,1.00>	
834:	 <3,0.00>	 <14,0.00>	 <17,0.00>	 <43,0.94>	 <46,0.00>	 <61,0.00>	 <99,0.06>	
835:	 <3,0.00>	 <14,0.00>	 <17,0.00>	 <43,0.00>	 <46,0.00>	 <61,0.00>	 <99,1.00>	
836:	 <3,0.47>	 <14,0.00>	 <17,0.00>	 <43,0.00>	 <46,0.00>	 <61,0.00>	 <99,0.53>	
837:	 <3,1.00>	 <14,0.00>	 <17,0.00>	 <43,0.00>	 <46,0.00>	 <61,0.00>	 <99,0.00>	
838:	 <3,0.00>	 <14,0.00>	 <17,0.00>	 <43,0.18>	 <46,0.00>	 <61,0.00>	 <99,0.82>	
839:	 <3,0.00>	 <14,0.00>	 <17,0.00>	 <43,0.00>	 <46,0.00>	 <61,0.00>	 <99,1.00>	
840:	 <3,0.00>	 <14,0.00>	 <17,0.00>	 <43,0.00>	 <46,0.00>	 <61,0.94>	 <99,0.06>	
841:	 <3,0.00>	 <14,0.00>	 <17,0.00>	 <43,0.00>	 <46,0.00>	 <61,0.00>	 <99,1.00>	
842:	 <3,0.00>	 <14,0.00>	 <17,0.00>	 <43,0.00>	 <46,0.00>	 <61,0.00>	 <99,1.00>	
843:	 <3,0.00>	 <14,0.00>	 <17,0.94>	 <43,0.00>	 <46,0.00>	 <61,0.00>	 <99,0.06>	
844:	 <3,0.00>	 <14,1.00>	 <17,0.00>	 <43,0.00>	 <46,0.00>	 <61,0.00>	 <99,0.00>	
845:	 <3,0.00>	 <14,0.00>	 <17,0.00>	 <43,0.00>	 <46,0.00>	 <61,0.00>	 <99,1.00>	
846:	 <3,0.00>	 <14,0.00>	 <17,0.00>	 <43,0.00>	 <46,0.00>	 <61,0.00>	 <99,1.00>	
847:	 <3,0.00>	 <14,0.00>	 <17,0.06>	 <43,0.00>	 <46,0.00>	 <61,0.00>	 <99,0.94>	
848:	 <3,0.00>	 <14,0.00>	 <17,0.00>	 <43,0.00>	 <46,0.00>	 <61,0.00>	 <99,1.00>	
849:	 <3,0.24>	 <14,0.00>	 <17,0.00>	 <43,0.00>	 <46,0.00>	 <61,0.00>	 <99,0.76>	
850:	 <3,0.00>	 <14,0.00>	 <17,0.00>	 <43,0.00>	 <46,0.00>	 <61,0.06>	 <99,0.94>	
851:	 <3,0.00>	 <14,0.00>	 <17,0.00>	 <43,0.00>	 <46,0.82>	 <61,0.00>	 <99,0.18>	
852:	 <3,0.00>	 <14,0.00>	 <17,0.82>	 <43,0.00>	 <46,0.00>	 <61,0.00>	 <99,0.18>	
853:	 <3,0.00>	 <14,0.00>	 <17,0.00>	 <43,0.00>	 <46,0.00>	 <61,0.00>	 <99,1.00>	
854:	 <3,0.00>	 <14,0.00>	 <17,0.00>	 <43,0.00>	 <46,0.00>	 <61,0.00>	 <99,1.00>	
855:	 <3,0.00>	 <14,0.00>	 <17,0.00>	 <43,0.00>	 <46,0.88>	 <61,0.00>	 <99,0.12>	
856:	 <3,0.00>	 <14,0.00>	 <17,0.00>	 <43,0.00>	 <46,0.00>	 <61,0.00>	 <99,1.00>	
857:	 <3,0.76>	 <14,0.00>	 <17,0.00>	 <43,0.00>	 <46,0.00>	 <61,0.00>	 <99,0.24>	
858:	 <3,0.00>	 <14,0.00>	 <17,0.00>	 <43,0.00>	 <46,0.94>	 <61,0.00>	 <99,0.06>	
859:	 <3,0.00>	 <14,0.00>	 <17,0.00>	 <43,0.00>	 <46,0.00>	 <61,0.00>	 <99,1.00>	
860:	 <3,0.12>	 <14,0.00>	 <17,0.00>	 <43,0.00>	 <46,0.00>	 <61,0.00>	 <99,0.88>	
861:	 <3,0.00>	 <14,0.00>	 <17,0.94>	 <43,0.00>	 <46,0.00>	 <61,0.00>	 <99,0.06>	
862:	 <3,0.00>	 <14,0.00>	 <17,0.00>	 <43,0.00>	 <46,0.00>	 <61,0.00>	 <99,1.00>	
863:	 <3,0.00>	 <14,0.00>	 <17,0.00>	 <43,0.00>	 <46,0.00>	 <61,0.00>	 <99,1.00>	
864:	 <3,0.00>	 <14,0.00>	 <17,0.00>	 <43,0.00>	 <46,0.00>	 <61,0.00>	 <99,1.00>	
865:	 <3,0.00>	 <14,0.00>	 <17,0.00>	 <43,0.00>	 <46,0.82>	 <61,0.00>	 <99,0.18>	
866:	 <3,0.00>	 <14,0.00>	 <17,0.00>	 <43,0.00>	 <46,0.00>	 <61,0.00>	 <99,1.00>	
867:	 <3,0.00>	 <14,1.00>	 <17,0.00>	 <43,0.00>	 <46,0.00>	 <61,0.00>	 <99,0.00>	
868:	 <3,0.76>	 <14,0.00>	 <17,0.00>	 <43,0.00>	 <46,0.00>	 <61,0.00>	 <99,0.24>	
869:	 <3,0.00>	 <14,0.00>	 <17,0.00>	 <43,0.00>	 <46,0.00>	 <61,0.00>	 <99,1.00>	
870:	 <3,0.59>	 <14,0.00>	 <17,0.00>	 <43,0.00>	 <46,0.00>	 <61,0.00>	 <99,0.41>	
871:	 <3,0.00>	 <14,0.00>	 <17,0.00>	 <43,0.00>	 <46,0.00>	 <61,0.00>	 <99,1.00>	
872:	 <3,0.00>	 <14,0.00>	 <17,0.00>	 <43,0.00>	 <46,0.00>	 <61,0.00>	 <99,1.00>	
873:	 <3,0.00>	 <14,0.00>	 <17,0.00>	 <43,0.00>	 <46,0.00>	 <61,0.94>	 <99,0.06>	
874:	 <3,0.00>	 <14,0.00>	 <17,0.00>	 <43,0.00>	 <46,0.00>	 <61,0.00>	 <99,1.00>	
875:	 <3,0.00>	 <14,0.00>	 <17,0.00>	 <43,0.00>	 <46,0.94>	 <61,0.06>	 <99,0.00>	
876:	 <3,0.00>	 <14,0.00>	 <17,0.00>	 <43,0.00>	 <46,0.00>	 <61,0.65>	 <99,0.35>	
877:	 <3,0.00>	 <14,1.00>	 <17,0.00>	 <43,0.00>	 <46,0.00>	 <61,0.00>	 <99,0.00>	
878:	 <3,0.00>	 <14,0.00>	 <17,0.00>	 <43,0.00>	 <46,0.00>	 <61,0.00>	 <99,1.00>	
879:	 <3,0.00>	 <14,0.00>	 <17,0.00>	 <43,0.00>	 <46,0.00>	 <61,1.00>	 <99,0.00>	
880:	 <3,0.00>	 <14,0.00>	 <17,0.00>	 <43,0.00>	 <46,0.00>	 <61,0.00>	 <99,1.00>	
881:	 <3,0.00>	 <14,0.00>	 <17,0.00>	 <43,0.00>	 <46,0.06>	 <61,0.00>	 <99,0.94>	
882:	 <3,0.00>	 <14,0.82>	 <17,0.00>	 <43,0.00>	 <46,0.00>	 <61,0.00>	 <99,0.18>	
883:	 <3,0.00>	 <14,0.00>	 <17,1.00>	 <43,0.00>	 <46,0.00>	 <61,0.00>	 <99,0.00>	
884:	 <3,0.06>	 <14,0.00>	 <17,0.00>	 <43,0.00>	 <46,0.00>	 <61,0.00>	 <99,0.94>	
885:	 <3,0.00>	 <14,0.00>	 <17,0.00>	 <43,0.00>	 <46,0.00>	 <61,0.00>	 <99,1.00>	
886:	 <3,0.35>	 <14,0.00>	 <17,0.00>	 <43,0.00>	 <46,0.00>	 <61,0.00>	 <99,0.65>	
887:	 <3,0.00>	 <14,0.00>	 <17,0.00>	 <43,0.00>	 <46,1.00>	 <61,0.00>	 <99,0.00>	
888:	 <3,0.00>	 <14,0.00>	 <17,0.00>	 <43,0.00>	 <46,0.00>	 <61,0.00>	 <99,1.00>	
889:	 <3,0.00>	 <14,0.00>	 <17,0.00>	 <43,0.00>	 <46,0.00>	 <61,0.00>	 <99,1.00>	
890:	 <3,0.00>	 <14,0.94>	 <17,0.00>	 <43,0.00>	 <46,0.00>	 <61,0.00>	 <99,0.06>	
891:	 <3,0.00>	 <14,0.00>	 <17,0.00>	 <43,0.00>	 <46,0.00>	 <61,0.00>	 <99,1.00>	
892:	 <3,0.00>	 <14,0.00>	 <17,0.00>	 <43,0.00>	 <46,0.00>	 <61,0.00>	 <99,1.00>	
893:	 <3,0.00>	 <14,0.00>	 <17,0.59>	 <43,0.00>	 <46,0.00>	 <61,0.00>	 <99,0.41>	
894:	 <3,0.00>	 <14,0.00>	 <17,0.00>	 <43,0.00>	 <46,0.00>	 <61,0.00>	 <99,1.00>	
895:	 <3,0.00>	 <14,0.00>	 <17,0.00>	 <43,0.00>	 <46,0.94>	 <61,0.00>	 <99,0.06>	
896:	 <3,0.94>	 <14,0.00>	 <17,0.00>	 <43,0.00>	 <46,0.00>	 <61,0.00>	 <99,0.06>	
897:	 <3,0.00>	 <14,0.00>	 <17,0.00>	 <43,0.00>	 <46,0.00>	 <61,0.00>	 <99,1.00>	
898:	 <3,0.59>	 <14,0.00>	 <17,0.00>	 <43,0.00>	 <46,0.00>	 <61,0.00>	 <99,0.41>	
899:	 <3,0.00>	 <14,0.00>	 <17,1.00>	 <43,0.00>	 <46,0.00>	 <61,0.00>	 <99,0.00>	
900:	 <3,0.00>	 <14,1.00>	 <17,0.00>	 <43,0.00>	 <46,0.00>	 <61,0.00>	 <99,0.00>	
901:	 <3,0.00>	 <14,0.00>	 <17,0.00>	 <43,0.00>	 <46,0.00>	 <61,0.18>	 <99,0.82>	
902:	 <3,0.00>	 <14,0.00>	 <17,0.00>	 <43,0.00>	 <46,0.00>	 <61,0.00>	 <99,1.00>	
903:	 <3,0.00>	 <14,0.00>	 <17,0.00>	 <43,0.00>	 <46,0.00>	 <61,0.76>	 <99,0.24>	
904:	 <3,0.00>	 <14,0.00>	 <17,0.00>	 <43,0.00>	 <46,0.00>	 <61,0.00>	 <99,1.00>	
905:	 <3,0.00>	 <14,0.00>	 <17,0.00>	 <43,0.00>	 <46,1.00>	 <61,0.00>	 <99,0.00>	
906:	 <3,0.00>	 <14,0.00>	 <17,0.00>	 <43,0.00>	 <46,0.00>	 <61,0.06>	 <99,0.94>	
907:	 <3,0.00>	 <14,0.00>	 <17,0.00>	 <43,0.00>	 <46,0.00>	 <61,0.00>	 <99,1.00>	
908:	 <3,0.00>	 <14,0.00>	 <17,0.00>	 <43,0.00>	 <46,0.00>	 <61,0.88>	 <99,0.12>	
909:	 <3,0.00>	 <14,0.00>	 <17,1.00>	 <43,0.00>	 <46,0.00>	 <61,0.00>	 <99,0.00>	
910:	 <3,0.00>	 <14,0.00>	 <17,0.00>	 <43,0.00>	 <46,0.76>	 <61,0.00>	 <99,0.24>	
911:	 <3,0.00>	 <14,0.00>	 <17,0.00>	 <43,0.00>	 <46,0.00>	 <61,0.00>	 <99,1.00>	
912:	 <3,0.00>	 <14,0.00>	 <17,0.29>	 <43,0.00>	 <46,0.00>	 <61,0.00>	 <99,0.71>	
913:	 <3,0.00>	 <14,0.94>	 <17,0.00>	 <43,0.00>	 <46,0.00>	 <61,0.00>	 <99,0.06>	
914:	 <3,0.00>	 <14,0.00>	 <17,0.00>	 <43,0.00>	 <46,0.00>	 <61,1.00>	 <99,0.00>	
915:	 <3,0.00>	 <14,0.00>	 <17,0.00>	 <43,0.00>	 <46,0.00>	 <61,0.00>	 <99,1.00>	
916:	 <3,0.00>	 <14,0.00>	 <17,0.35>	 <43,0.00>	 <46,0.00>	 <61,0.00>	 <99,0.65>	
917:	 <3,0.00>	 <14,0.00>	 <17,0.00>	 <43,0.00>	 <46,0.00>	 <61,0.00>	 <99,1.00>	
918:	 <3,0.00>	 <14,0.00>	 <17,1.00>	 <43,0.00>	 <46,0.00>	 <61,0.00>	 <99,0.00>	
919:	 <3,0.18>	 <14,0.06>	 <17,0.00>	 <43,0.00>	 <46,0.00>	 <61,0.00>	 <99,0.76>	
920:	 <3,0.00>	 <14,0.00>	 <17,0.00>	 <43,1.00>	 <46,0.00>	 <61,0.00>	 <99,0.00>	
921:	 <3,0.00>	 <14,0.00>	 <17,0.00>	 <43,0.00>	 <46,0.00>	 <61,0.94>	 <99,0.06>	
922:	 <3,0.00>	 <14,0.00>	 <17,0.00>	 <43,0.00>	 <46,0.00>	 <61,0.00>	 <99,1.00>	
923:	 <3,0.29>	 <14,0.00>	 <17,0.00>	 <43,0.00>	 <46,0.00>	 <61,0.00>	 <99,0.71>	
924:	 <3,0.00>	 <14,0.00>	 <17,0.00>	 <43,0.00>	 <46,0.00>	 <61,0.00>	 <99,1.00>	
925:	 <3,0.00>	 <14,0.00>	 <17,0.00>	 <43,0.00>	 <46,0.00>	 <61,0.00>	 <99,1.00>	
926:	 <3,0.00>	 <14,0.00>	 <17,0.00>	 <43,0.00>	 <46,0.00>	 <61,0.00>	 <99,1.00>	
927:	 <3,0.00>	 <14,0.00>	 <17,0.94>	 <43,0.00>	 <46,0.00>	 <61,0.00>	 <99,0.06>	
928:	 <3,0.00>	 <14,0.00>	 <17,0.00>	 <43,0.00>	 <46,0.00>	 <61,0.00>	 <99,1.00>	
929:	 <3,0.00>	 <14,0.00>	 <17,0.00>	 <43,0.24>	 <46,0.00>	 <61,0.00>	 <99,0.76>	
930:	 <3,0.00>	 <14,0.00>	 <17,0.00>	 <43,0.00>	 <46,0.00>	 <61,0.00>	 <99,1.00>	
931:	 <3,0.00>	 <14,0.00>	 <17,0.00>	 <43,0.00>	 <46,0.00>	 <61,0.00>	 <99,1.00>	
932:	 <3,0.00>	 <14,0.00>	 <17,0.06>	 <43,0.00>	 <46,0.00>	 <61,0.00>	 <99,0.94>	
933:	 <3,0.00>	 <14,0.88>	 <17,0.06>	 <43,0.00>	 <46,0.00>	 <61,0.00>	 <99,0.06>	
934:	 <3,0.00>	 <14,0.00>	 <17,0.00>	 <43,0.00>	 <46,0.00>	 <61,0.00>	 <99,1.00>	
935:	 <3,0.00>	 <14,0.00>	 <17,0.00>	 <43,0.00>	 <46,0.00>	 <61,0.00>	 <99,1.00>	
936:	 <3,0.00>	 <14,0.00>	 <17,0.00>	 <43,0.00>	 <46,0.00>	 <61,0.82>	 <99,0.18>	
937:	 <3,0.00>	 <14,0.00>	 <17,0.00>	 <43,0.00>	 <46,0.00>	 <61,0.00>	 <99,1.00>	
938:	 <3,0.00>	 <14,0.00>	 <17,0.00>	 <43,0.94>	 <46,0.00>	 <61,0.00>	 <99,0.06>	
939:	 <3,0.47>	 <14,0.00>	 <17,0.00>	 <43,0.00>	 <46,0.00>	 <61,0.00>	 <99,0.53>	
940:	 <3,0.00>	 <14,0.00>	 <17,0.00>	 <43,0.00>	 <46,0.00>	 <61,0.00>	 <99,1.00>	
941:	 <3,0.00>	 <14,0.00>	 <17,0.00>	 <43,0.35>	 <46,0.00>	 <61,0.00>	 <99,0.65>	
942:	 <3,0.00>	 <14,0.00>	 <17,0.00>	 <43,0.06>	 <46,0.00>	 <61,0.00>	 <99,0.94>	
943:	 <3,0.00>	 <14,0.00>	 <17,0.00>	 <43,0.71>	 <46,0.00>	 <61,0.00>	 <99,0.29>	
944:	 <3,0.00>	 <14,0.00>	 <17,0.00>	 <43,0.00>	 <46,0.00>	 <61,0.00>	 <99,1.00>	
945:	 <3,0.00>	 <14,0.00>	 <17,0.00>	 <43,0.00>	 <46,0.00>	 <61,0.00>	 <99,1.00>	
946:	 <3,0.00>	 <14,0.00>	 <17,0.00>	 <43,0.82>	 <46,0.00>	 <61,0.00>	 <99,0.18>	
947:	 <3,0.00>	 <14,0.00>	 <17,0.00>	 <43,0.00>	 <46,0.00>	 <61,0.00>	 <99,1.00>	
948:	 <3,0.06>	 <14,0.00>	 <17,0.00>	 <43,0.00>	 <46,0.00>	 <61,0.00>	 <99,0.94>	
949:	 <3,0.00>	 <14,0.00>	 <17,0.00>	 <43,0.00>	 <46,0.00>	 <61,1.00>	 <99,0.00>	
950:	 <3,0.12>	 <14,0.00>	 <17,0.00>	 <43,0.00>	 <46,0.00>	 <61,0.00>	 <99,0.88>	
951:	 <3,0.88>	 <14,0.00>	 <17,0.00>	 <43,0.00>	 <46,0.00>	 <61,0.00>	 <99,0.12>	
952:	 <3,0.00>	 <14,0.00>	 <17,0.00>	 <43,0.00>	 <46,0.00>	 <61,1.00>	 <99,0.00>	
953:	 <3,0.00>	 <14,0.00>	 <17,0.00>	 <43,0.88>	 <46,0.00>	 <61,0.00>	 <99,0.12>	
954:	 <3,0.00>	 <14,0.00>	 <17,0.00>	 <43,0.00>	 <46,0.00>	 <61,0.00>	 <99,1.00>	
955:	 <3,0.00>	 <14,0.00>	 <17,0.00>	 <43,0.00>	 <46,0.00>	 <61,0.00>	 <99,1.00>	
956:	 <3,0.71>	 <14,0.00>	 <17,0.00>	 <43,0.00>	 <46,0.00>	 <61,0.00>	 <99,0.29>	
957:	 <3,0.00>	 <14,0.94>	 <17,0.00>	 <43,0.00>	 <46,0.00>	 <61,0.00>	 <99,0.06>	
958:	 <3,0.00>	 <14,0.00>	 <17,0.00>	 <43,0.06>	 <46,0.00>	 <61,0.00>	 <99,0.94>	
959:	 <3,0.12>	 <14,0.00>	 <17,0.00>	 <43,0.00>	 <46,0.00>	 <61,0.00>	 <99,0.88>	
960:	 <3,0.00>	 <14,0.12>	 <17,0.00>	 <43,0.00>	 <46,0.00>	 <61,0.00>	 <99,0.88>	
961:	 <3,0.47>	 <14,0.00>	 <17,0.00>	 <43,0.00>	 <46,0.00>	 <61,0.00>	 <99,0.53>	
962:	 <3,0.00>	 <14,0.00>	 <17,0.00>	 <43,0.00>	 <46,0.00>	 <61,0.00>	 <99,1.00>	
963:	 <3,0.00>	 <14,0.00>	 <17,0.00>	 <43,0.06>	 <46,0.00>	 <61,0.00>	 <99,0.94>	
964:	 <3,0.00>	 <14,0.00>	 <17,0.00>	 <43,0.00>	 <46,0.53>	 <61,0.00>	 <99,0.47>	
965:	 <3,0.00>	 <14,0.00>	 <17,0.00>	 <43,0.00>	 <46,0.00>	 <61,0.00>	 <99,1.00>	
966:	 <3,0.00>	 <14,1.00>	 <17,0.00>	 <43,0.00>	 <46,0.00>	 <61,0.00>	 <99,0.00>	
967:	 <3,0.00>	 <14,0.00>	 <17,0.00>	 <43,0.00>	 <46,0.00>	 <61,0.94>	 <99,0.06>	
968:	 <3,0.00>	 <14,0.00>	 <17,0.00>	 <43,0.00>	 <46,0.00>	 <61,0.06>	 <99,0.94>	
969:	 <3,0.00>	 <14,0.00>	 <17,0.00>	 <43,0.06>	 <46,0.00>	 <61,0.00>	 <99,0.94>	
970:	 <3,0.00>	 <14,0.00>	 <17,0.00>	 <43,0.00>	 <46,0.00>	 <61,0.00>	 <99,1.00>	
971:	 <3,0.00>	 <14,0.00>	 <17,0.00>	 <43,0.00>	 <46,0.00>	 <61,0.82>	 <99,0.18>	
972:	 <3,0.00>	 <14,0.00>	 <17,0.00>	 <43,0.00>	 <46,1.00>	 <61,0.00>	 <99,0.00>	
973:	 <3,0.00>	 <14,0.00>	 <17,0.00>	 <43,0.06>	 <46,0.00>	 <61,0.00>	 <99,0.94>	
974:	 <3,0.24>	 <14,0.00>	 <17,0.00>	 <43,0.00>	 <46,0.00>	 <61,0.00>	 <99,0.76>	
975:	 <3,0.00>	 <14,0.00>	 <17,0.00>	 <43,0.00>	 <46,0.00>	 <61,0.00>	 <99,1.00>	
976:	 <3,0.00>	 <14,0.00>	 <17,0.00>	 <43,0.00>	 <46,0.82>	 <61,0.00>	 <99,0.18>	
977:	 <3,0.00>	 <14,0.06>	 <17,0.00>	 <43,0.00>	 <46,0.00>	 <61,0.00>	 <99,0.94>	
978:	 <3,0.00>	 <14,0.00>	 <17,0.00>	 <43,0.00>	 <46,0.94>	 <61,0.00>	 <99,0.06>	
979:	 <3,0.00>	 <14,0.00>	 <17,0.00>	 <43,0.00>	 <46,0.00>	 <61,0.00>	 <99,1.00>	
980:	 <3,0.00>	 <14,0.00>	 <17,0.00>	 <43,0.00>	 <46,0.00>	 <61,0.00>	 <99,1.00>	
981:	 <3,0.00>	 <14,0.00>	 <17,0.00>	 <43,0.00>	 <46,0.00>	 <61,0.00>	 <99,1.00>	
982:	 <3,0.00>	 <14,0.00>	 <17,0.00>	 <43,0.00>	 <46,0.00>	 <61,0.00>	 <99,1.00>	
983:	 <3,0.00>	 <14,0.00>	 <17,1.00>	 <43,0.00>	 <46,0.00>	 <61,0.00>	 <99,0.00>	
984:	 <3,0.00>	 <14,0.06>	 <17,0.00>	 <43,0.00>	 <46,0.00>	 <61,0.00>	 <99,0.94>	
985:	 <3,0.00>	 <14,0.00>	 <17,0.00>	 <43,0.00>	 <46,0.00>	 <61,0.00>	 <99,1.00>	
986:	 <3,0.00>	 <14,0.00>	 <17,0.00>	 <43,0.00>	 <46,0.00>	 <61,0.06>	 <99,0.94>	
987:	 <3,0.00>	 <14,0.00>	 <17,0.94>	 <43,0.00>	 <46,0.00>	 <61,0.00>	 <99,0.06>	
988:	 <3,0.00>	 <14,0.00>	 <17,0.00>	 <43,0.00>	 <46,1.00>	 <61,0.00>	 <99,0.00>	
989:	 <3,0.00>	 <14,0.00>	 <17,0.00>	 <43,0.00>	 <46,0.00>	 <61,0.00>	 <99,1.00>	
990:	 <3,0.00>	 <14,0.00>	 <17,0.00>	 <43,0.00>	 <46,0.00>	 <61,0.82>	 <99,0.18>	
991:	 <3,0.00>	 <14,0.88>	 <17,0.00>	 <43,0.00>	 <46,0.00>	 <61,0.00>	 <99,0.12>	
992:	 <3,0.00>	 <14,0.94>	 <17,0.00>	 <43,0.00>	 <46,0.00>	 <61,0.00>	 <99,0.06>	
993:	 <3,1.00>	 <14,0.00>	 <17,0.00>	 <43,0.00>	 <46,0.00>	 <61,0.00>	 <99,0.00>	
994:	 <3,0.00>	 <14,0.00>	 <17,0.00>	 <43,0.00>	 <46,0.00>	 <61,0.00>	 <99,1.00>	
995:	 <3,0.00>	 <14,0.00>	 <17,0.00>	 <43,0.00>	 <46,0.00>	 <61,0.00>	 <99,1.00>	
996:	 <3,0.00>	 <14,0.00>	 <17,0.00>	 <43,0.00>	 <46,0.00>	 <61,0.00>	 <99,1.00>	
997:	 <3,0.00>	 <14,0.00>	 <17,1.00>	 <43,0.00>	 <46,0.00>	 <61,0.00>	 <99,0.00>	
998:	 <3,0.00>	 <14,0.00>	 <17,0.00>	 <43,0.00>	 <46,0.00>	 <61,0.00>	 <99,1.00>	
999:	 <3,0.29>	 <14,0.00>	 <17,0.00>	 <43,0.00>	 <46,0.00>	 <61,0.00>	 <99,0.71>	
1000:	 <3,0.82>	 <14,0.00>	 <17,0.00>	 <43,0.00>	 <46,0.00>	 <61,0.00>	 <99,0.18>	