Tweet No:	 <Sentiment Label,Percentage>
1:	 <-1,0.70>	 <0,0.00>	 <1,0.12>	 <2,0.18>	
2:	 <-1,1.00>	 <0,0.00>	 <1,0.00>	 <2,0.00>	
3:	 <-1,0.76>	 <0,0.06>	 <1,0.00>	 <2,0.18>	
4:	 <-1,0.00>	 <0,0.00>	 <1,1.00>	 <2,0.00>	
5:	 <-1,0.00>	 <0,0.59>	 <1,0.35>	 <2,0.06>	
6:	 <-1,0.00>	 <0,0.06>	 <1,0.94>	 <2,0.00>	
7:	 <-1,0.12>	 <0,0.24>	 <1,0.64>	 <2,0.00>	
8:	 <-1,1.00>	 <0,0.00>	 <1,0.00>	 <2,0.00>	
9:	 <-1,0.76>	 <0,0.18>	 <1,0.00>	 <2,0.06>	
10:	 <-1,0.65>	 <0,0.00>	 <1,0.00>	 <2,0.35>	
11:	 <-1,0.41>	 <0,0.59>	 <1,0.00>	 <2,0.00>	
12:	 <-1,0.29>	 <0,0.29>	 <1,0.18>	 <2,0.24>	
13:	 <-1,0.82>	 <0,0.12>	 <1,0.00>	 <2,0.06>	
14:	 <-1,0.00>	 <0,0.59>	 <1,0.41>	 <2,0.00>	
15:	 <-1,0.12>	 <0,0.70>	 <1,0.18>	 <2,0.00>	
16:	 <-1,0.00>	 <0,0.06>	 <1,0.94>	 <2,0.00>	
17:	 <-1,0.00>	 <0,0.12>	 <1,0.88>	 <2,0.00>	
18:	 <-1,0.00>	 <0,0.00>	 <1,1.00>	 <2,0.00>	
19:	 <-1,0.00>	 <0,0.12>	 <1,0.88>	 <2,0.00>	
20:	 <-1,0.82>	 <0,0.06>	 <1,0.12>	 <2,0.00>	
21:	 <-1,0.29>	 <0,0.06>	 <1,0.06>	 <2,0.59>	
22:	 <-1,0.00>	 <0,0.12>	 <1,0.88>	 <2,0.00>	
23:	 <-1,0.76>	 <0,0.12>	 <1,0.00>	 <2,0.12>	
24:	 <-1,0.76>	 <0,0.24>	 <1,0.00>	 <2,0.00>	
25:	 <-1,0.06>	 <0,0.47>	 <1,0.47>	 <2,0.00>	
26:	 <-1,0.00>	 <0,0.00>	 <1,0.88>	 <2,0.12>	
27:	 <-1,0.00>	 <0,0.24>	 <1,0.76>	 <2,0.00>	
28:	 <-1,0.00>	 <0,0.53>	 <1,0.12>	 <2,0.35>	
29:	 <-1,0.00>	 <0,0.88>	 <1,0.12>	 <2,0.00>	
30:	 <-1,0.24>	 <0,0.64>	 <1,0.12>	 <2,0.00>	
31:	 <-1,0.00>	 <0,0.00>	 <1,1.00>	 <2,0.00>	
32:	 <-1,0.00>	 <0,0.12>	 <1,0.00>	 <2,0.88>	
33:	 <-1,0.00>	 <0,0.82>	 <1,0.18>	 <2,0.00>	
34:	 <-1,0.00>	 <0,0.35>	 <1,0.59>	 <2,0.06>	
35:	 <-1,0.12>	 <0,0.24>	 <1,0.06>	 <2,0.58>	
36:	 <-1,0.00>	 <0,0.59>	 <1,0.41>	 <2,0.00>	
37:	 <-1,0.24>	 <0,0.06>	 <1,0.06>	 <2,0.64>	
38:	 <-1,0.12>	 <0,0.24>	 <1,0.35>	 <2,0.29>	
39:	 <-1,0.70>	 <0,0.24>	 <1,0.06>	 <2,0.00>	
40:	 <-1,1.00>	 <0,0.00>	 <1,0.00>	 <2,0.00>	
41:	 <-1,0.35>	 <0,0.53>	 <1,0.00>	 <2,0.12>	
42:	 <-1,1.00>	 <0,0.00>	 <1,0.00>	 <2,0.00>	
43:	 <-1,0.53>	 <0,0.06>	 <1,0.00>	 <2,0.41>	
44:	 <-1,0.82>	 <0,0.18>	 <1,0.00>	 <2,0.00>	
45:	 <-1,0.58>	 <0,0.24>	 <1,0.06>	 <2,0.12>	
46:	 <-1,0.06>	 <0,0.18>	 <1,0.64>	 <2,0.12>	
47:	 <-1,0.00>	 <0,0.00>	 <1,0.18>	 <2,0.82>	
48:	 <-1,0.41>	 <0,0.12>	 <1,0.06>	 <2,0.41>	
49:	 <-1,0.41>	 <0,0.47>	 <1,0.06>	 <2,0.06>	
50:	 <-1,0.65>	 <0,0.35>	 <1,0.00>	 <2,0.00>	
51:	 <-1,0.76>	 <0,0.18>	 <1,0.00>	 <2,0.06>	
52:	 <-1,0.00>	 <0,0.12>	 <1,0.59>	 <2,0.29>	
53:	 <-1,0.06>	 <0,0.94>	 <1,0.00>	 <2,0.00>	
54:	 <-1,0.00>	 <0,0.06>	 <1,0.24>	 <2,0.70>	
55:	 <-1,0.00>	 <0,0.94>	 <1,0.06>	 <2,0.00>	
56:	 <-1,0.53>	 <0,0.12>	 <1,0.00>	 <2,0.35>	
57:	 <-1,0.00>	 <0,0.18>	 <1,0.82>	 <2,0.00>	
58:	 <-1,0.29>	 <0,0.59>	 <1,0.06>	 <2,0.06>	
59:	 <-1,0.41>	 <0,0.00>	 <1,0.12>	 <2,0.47>	
60:	 <-1,0.00>	 <0,0.88>	 <1,0.06>	 <2,0.06>	
61:	 <-1,1.00>	 <0,0.00>	 <1,0.00>	 <2,0.00>	
62:	 <-1,0.00>	 <0,0.24>	 <1,0.58>	 <2,0.18>	
63:	 <-1,0.00>	 <0,0.12>	 <1,0.88>	 <2,0.00>	
64:	 <-1,0.76>	 <0,0.06>	 <1,0.18>	 <2,0.00>	
65:	 <-1,0.00>	 <0,0.00>	 <1,0.94>	 <2,0.06>	
66:	 <-1,0.88>	 <0,0.12>	 <1,0.00>	 <2,0.00>	
67:	 <-1,0.82>	 <0,0.12>	 <1,0.06>	 <2,0.00>	
68:	 <-1,0.29>	 <0,0.71>	 <1,0.00>	 <2,0.00>	
69:	 <-1,0.00>	 <0,0.12>	 <1,0.59>	 <2,0.29>	
70:	 <-1,0.00>	 <0,0.12>	 <1,0.88>	 <2,0.00>	
71:	 <-1,0.47>	 <0,0.12>	 <1,0.41>	 <2,0.00>	
72:	 <-1,0.12>	 <0,0.53>	 <1,0.06>	 <2,0.29>	
73:	 <-1,0.24>	 <0,0.12>	 <1,0.00>	 <2,0.64>	
74:	 <-1,0.41>	 <0,0.59>	 <1,0.00>	 <2,0.00>	
75:	 <-1,0.94>	 <0,0.06>	 <1,0.00>	 <2,0.00>	
76:	 <-1,0.00>	 <0,0.88>	 <1,0.06>	 <2,0.06>	
77:	 <-1,0.06>	 <0,0.76>	 <1,0.18>	 <2,0.00>	
78:	 <-1,0.00>	 <0,0.12>	 <1,0.00>	 <2,0.88>	
79:	 <-1,1.00>	 <0,0.00>	 <1,0.00>	 <2,0.00>	
80:	 <-1,0.00>	 <0,0.06>	 <1,0.94>	 <2,0.00>	
81:	 <-1,0.00>	 <0,0.06>	 <1,0.00>	 <2,0.94>	
82:	 <-1,0.12>	 <0,0.18>	 <1,0.18>	 <2,0.53>	
83:	 <-1,0.29>	 <0,0.12>	 <1,0.00>	 <2,0.59>	
84:	 <-1,0.00>	 <0,0.00>	 <1,0.88>	 <2,0.12>	
85:	 <-1,0.00>	 <0,0.18>	 <1,0.06>	 <2,0.76>	
86:	 <-1,0.76>	 <0,0.00>	 <1,0.12>	 <2,0.12>	
87:	 <-1,0.41>	 <0,0.12>	 <1,0.12>	 <2,0.35>	
88:	 <-1,0.47>	 <0,0.53>	 <1,0.00>	 <2,0.00>	
89:	 <-1,0.59>	 <0,0.00>	 <1,0.12>	 <2,0.29>	
90:	 <-1,0.12>	 <0,0.53>	 <1,0.35>	 <2,0.00>	
91:	 <-1,0.00>	 <0,0.18>	 <1,0.82>	 <2,0.00>	
92:	 <-1,0.88>	 <0,0.00>	 <1,0.12>	 <2,0.00>	
93:	 <-1,0.06>	 <0,0.06>	 <1,0.35>	 <2,0.53>	
94:	 <-1,0.00>	 <0,0.88>	 <1,0.12>	 <2,0.00>	
95:	 <-1,0.00>	 <0,0.65>	 <1,0.29>	 <2,0.06>	
96:	 <-1,0.18>	 <0,0.00>	 <1,0.00>	 <2,0.82>	
97:	 <-1,0.59>	 <0,0.12>	 <1,0.00>	 <2,0.29>	
98:	 <-1,0.00>	 <0,0.53>	 <1,0.47>	 <2,0.00>	
99:	 <-1,0.29>	 <0,0.12>	 <1,0.00>	 <2,0.59>	
100:	 <-1,0.94>	 <0,0.06>	 <1,0.00>	 <2,0.00>	
101:	 <-1,0.94>	 <0,0.06>	 <1,0.00>	 <2,0.00>	
102:	 <-1,1.00>	 <0,0.00>	 <1,0.00>	 <2,0.00>	
103:	 <-1,0.00>	 <0,0.00>	 <1,1.00>	 <2,0.00>	
104:	 <-1,0.88>	 <0,0.06>	 <1,0.06>	 <2,0.00>	
105:	 <-1,0.00>	 <0,0.12>	 <1,0.00>	 <2,0.88>	
106:	 <-1,0.47>	 <0,0.35>	 <1,0.12>	 <2,0.06>	
107:	 <-1,0.00>	 <0,1.00>	 <1,0.00>	 <2,0.00>	
108:	 <-1,0.47>	 <0,0.35>	 <1,0.18>	 <2,0.00>	
109:	 <-1,0.94>	 <0,0.00>	 <1,0.06>	 <2,0.00>	
110:	 <-1,0.00>	 <0,0.24>	 <1,0.64>	 <2,0.12>	
111:	 <-1,0.00>	 <0,0.18>	 <1,0.82>	 <2,0.00>	
112:	 <-1,0.00>	 <0,0.29>	 <1,0.71>	 <2,0.00>	
113:	 <-1,0.41>	 <0,0.18>	 <1,0.00>	 <2,0.41>	
114:	 <-1,0.53>	 <0,0.41>	 <1,0.06>	 <2,0.00>	
115:	 <-1,1.00>	 <0,0.00>	 <1,0.00>	 <2,0.00>	
116:	 <-1,0.06>	 <0,0.82>	 <1,0.06>	 <2,0.06>	
117:	 <-1,0.12>	 <0,0.35>	 <1,0.24>	 <2,0.29>	
118:	 <-1,0.00>	 <0,0.82>	 <1,0.18>	 <2,0.00>	
119:	 <-1,0.06>	 <0,0.35>	 <1,0.00>	 <2,0.59>	
120:	 <-1,0.88>	 <0,0.06>	 <1,0.06>	 <2,0.00>	
121:	 <-1,1.00>	 <0,0.00>	 <1,0.00>	 <2,0.00>	
122:	 <-1,0.24>	 <0,0.64>	 <1,0.12>	 <2,0.00>	
123:	 <-1,0.06>	 <0,0.47>	 <1,0.47>	 <2,0.00>	
124:	 <-1,0.00>	 <0,0.00>	 <1,1.00>	 <2,0.00>	
125:	 <-1,0.00>	 <0,0.88>	 <1,0.06>	 <2,0.06>	
126:	 <-1,0.41>	 <0,0.47>	 <1,0.06>	 <2,0.06>	
127:	 <-1,0.00>	 <0,0.06>	 <1,0.94>	 <2,0.00>	
128:	 <-1,0.70>	 <0,0.00>	 <1,0.06>	 <2,0.24>	
129:	 <-1,0.00>	 <0,0.35>	 <1,0.65>	 <2,0.00>	
130:	 <-1,0.00>	 <0,0.88>	 <1,0.12>	 <2,0.00>	
131:	 <-1,0.47>	 <0,0.47>	 <1,0.06>	 <2,0.00>	
132:	 <-1,0.00>	 <0,0.18>	 <1,0.82>	 <2,0.00>	
133:	 <-1,1.00>	 <0,0.00>	 <1,0.00>	 <2,0.00>	
134:	 <-1,0.94>	 <0,0.06>	 <1,0.00>	 <2,0.00>	
135:	 <-1,0.06>	 <0,0.94>	 <1,0.00>	 <2,0.00>	
136:	 <-1,0.88>	 <0,0.12>	 <1,0.00>	 <2,0.00>	
137:	 <-1,0.00>	 <0,0.88>	 <1,0.00>	 <2,0.12>	
138:	 <-1,0.35>	 <0,0.06>	 <1,0.06>	 <2,0.53>	
139:	 <-1,0.00>	 <0,0.94>	 <1,0.06>	 <2,0.00>	
140:	 <-1,0.00>	 <0,0.24>	 <1,0.76>	 <2,0.00>	
141:	 <-1,0.00>	 <0,0.71>	 <1,0.29>	 <2,0.00>	
142:	 <-1,0.00>	 <0,0.53>	 <1,0.47>	 <2,0.00>	
143:	 <-1,1.00>	 <0,0.00>	 <1,0.00>	 <2,0.00>	
144:	 <-1,0.12>	 <0,0.59>	 <1,0.29>	 <2,0.00>	
145:	 <-1,0.82>	 <0,0.06>	 <1,0.06>	 <2,0.06>	
146:	 <-1,0.94>	 <0,0.06>	 <1,0.00>	 <2,0.00>	
147:	 <-1,0.00>	 <0,0.00>	 <1,1.00>	 <2,0.00>	
148:	 <-1,0.47>	 <0,0.29>	 <1,0.24>	 <2,0.00>	
149:	 <-1,0.00>	 <0,0.12>	 <1,0.59>	 <2,0.29>	
150:	 <-1,0.59>	 <0,0.00>	 <1,0.00>	 <2,0.41>	
151:	 <-1,0.00>	 <0,0.88>	 <1,0.00>	 <2,0.12>	
152:	 <-1,0.64>	 <0,0.18>	 <1,0.00>	 <2,0.18>	
153:	 <-1,0.06>	 <0,0.18>	 <1,0.18>	 <2,0.58>	
154:	 <-1,0.00>	 <0,0.94>	 <1,0.06>	 <2,0.00>	
155:	 <-1,0.06>	 <0,0.24>	 <1,0.06>	 <2,0.64>	
156:	 <-1,0.12>	 <0,0.71>	 <1,0.18>	 <2,0.00>	
157:	 <-1,0.35>	 <0,0.41>	 <1,0.24>	 <2,0.00>	
158:	 <-1,0.00>	 <0,0.18>	 <1,0.00>	 <2,0.82>	
159:	 <-1,0.59>	 <0,0.35>	 <1,0.06>	 <2,0.00>	
160:	 <-1,0.00>	 <0,1.00>	 <1,0.00>	 <2,0.00>	
161:	 <-1,0.88>	 <0,0.12>	 <1,0.00>	 <2,0.00>	
162:	 <-1,0.00>	 <0,0.24>	 <1,0.76>	 <2,0.00>	
163:	 <-1,0.88>	 <0,0.06>	 <1,0.00>	 <2,0.06>	
164:	 <-1,0.59>	 <0,0.35>	 <1,0.00>	 <2,0.06>	
165:	 <-1,0.00>	 <0,0.82>	 <1,0.18>	 <2,0.00>	
166:	 <-1,0.00>	 <0,0.53>	 <1,0.24>	 <2,0.24>	
167:	 <-1,0.18>	 <0,0.00>	 <1,0.06>	 <2,0.76>	
168:	 <-1,0.47>	 <0,0.29>	 <1,0.00>	 <2,0.24>	
169:	 <-1,0.82>	 <0,0.06>	 <1,0.12>	 <2,0.00>	
170:	 <-1,0.00>	 <0,0.00>	 <1,1.00>	 <2,0.00>	
171:	 <-1,0.64>	 <0,0.18>	 <1,0.00>	 <2,0.18>	
172:	 <-1,0.88>	 <0,0.06>	 <1,0.00>	 <2,0.06>	
173:	 <-1,0.00>	 <0,0.41>	 <1,0.59>	 <2,0.00>	
174:	 <-1,0.88>	 <0,0.00>	 <1,0.12>	 <2,0.00>	
175:	 <-1,0.06>	 <0,0.12>	 <1,0.18>	 <2,0.64>	
176:	 <-1,0.06>	 <0,0.12>	 <1,0.18>	 <2,0.64>	
177:	 <-1,0.00>	 <0,0.00>	 <1,1.00>	 <2,0.00>	
178:	 <-1,0.29>	 <0,0.18>	 <1,0.53>	 <2,0.00>	
179:	 <-1,0.53>	 <0,0.29>	 <1,0.06>	 <2,0.12>	
180:	 <-1,0.00>	 <0,0.35>	 <1,0.59>	 <2,0.06>	
181:	 <-1,0.88>	 <0,0.00>	 <1,0.12>	 <2,0.00>	
182:	 <-1,0.29>	 <0,0.41>	 <1,0.29>	 <2,0.00>	
183:	 <-1,0.76>	 <0,0.00>	 <1,0.24>	 <2,0.00>	
184:	 <-1,1.00>	 <0,0.00>	 <1,0.00>	 <2,0.00>	
185:	 <-1,0.64>	 <0,0.24>	 <1,0.00>	 <2,0.12>	
186:	 <-1,0.00>	 <0,0.18>	 <1,0.12>	 <2,0.70>	
187:	 <-1,0.00>	 <0,0.00>	 <1,1.00>	 <2,0.00>	
188:	 <-1,0.00>	 <0,0.64>	 <1,0.18>	 <2,0.18>	
189:	 <-1,0.00>	 <0,0.00>	 <1,0.88>	 <2,0.12>	
190:	 <-1,0.00>	 <0,0.64>	 <1,0.24>	 <2,0.12>	
191:	 <-1,0.00>	 <0,0.06>	 <1,0.06>	 <2,0.88>	
192:	 <-1,0.00>	 <0,0.29>	 <1,0.18>	 <2,0.53>	
193:	 <-1,0.35>	 <0,0.47>	 <1,0.06>	 <2,0.12>	
194:	 <-1,0.06>	 <0,0.94>	 <1,0.00>	 <2,0.00>	
195:	 <-1,0.12>	 <0,0.00>	 <1,0.06>	 <2,0.82>	
196:	 <-1,1.00>	 <0,0.00>	 <1,0.00>	 <2,0.00>	
197:	 <-1,0.00>	 <0,0.94>	 <1,0.00>	 <2,0.06>	
198:	 <-1,0.00>	 <0,0.53>	 <1,0.12>	 <2,0.35>	
199:	 <-1,0.88>	 <0,0.12>	 <1,0.00>	 <2,0.00>	
200:	 <-1,0.00>	 <0,0.00>	 <1,1.00>	 <2,0.00>	
201:	 <-1,0.00>	 <0,0.65>	 <1,0.35>	 <2,0.00>	
202:	 <-1,0.41>	 <0,0.18>	 <1,0.41>	 <2,0.00>	
203:	 <-1,0.41>	 <0,0.59>	 <1,0.00>	 <2,0.00>	
204:	 <-1,0.00>	 <0,0.12>	 <1,0.00>	 <2,0.88>	
205:	 <-1,0.00>	 <0,0.12>	 <1,0.88>	 <2,0.00>	
206:	 <-1,0.00>	 <0,1.00>	 <1,0.00>	 <2,0.00>	
207:	 <-1,0.00>	 <0,0.35>	 <1,0.59>	 <2,0.06>	
208:	 <-1,0.00>	 <0,0.18>	 <1,0.82>	 <2,0.00>	
209:	 <-1,0.76>	 <0,0.12>	 <1,0.06>	 <2,0.06>	
210:	 <-1,0.18>	 <0,0.12>	 <1,0.35>	 <2,0.35>	
211:	 <-1,0.18>	 <0,0.82>	 <1,0.00>	 <2,0.00>	
212:	 <-1,0.00>	 <0,0.12>	 <1,0.70>	 <2,0.18>	
213:	 <-1,0.12>	 <0,0.18>	 <1,0.00>	 <2,0.70>	
214:	 <-1,0.53>	 <0,0.24>	 <1,0.18>	 <2,0.06>	
215:	 <-1,1.00>	 <0,0.00>	 <1,0.00>	 <2,0.00>	
216:	 <-1,0.00>	 <0,0.35>	 <1,0.65>	 <2,0.00>	
217:	 <-1,0.00>	 <0,0.88>	 <1,0.12>	 <2,0.00>	
218:	 <-1,0.94>	 <0,0.06>	 <1,0.00>	 <2,0.00>	
219:	 <-1,0.00>	 <0,0.41>	 <1,0.59>	 <2,0.00>	
220:	 <-1,0.70>	 <0,0.24>	 <1,0.06>	 <2,0.00>	
221:	 <-1,0.06>	 <0,0.82>	 <1,0.06>	 <2,0.06>	
222:	 <-1,0.00>	 <0,0.00>	 <1,1.00>	 <2,0.00>	
223:	 <-1,0.06>	 <0,0.24>	 <1,0.70>	 <2,0.00>	
224:	 <-1,0.00>	 <0,0.06>	 <1,0.82>	 <2,0.12>	
225:	 <-1,0.64>	 <0,0.24>	 <1,0.12>	 <2,0.00>	
226:	 <-1,0.06>	 <0,0.88>	 <1,0.06>	 <2,0.00>	
227:	 <-1,0.29>	 <0,0.59>	 <1,0.00>	 <2,0.12>	
228:	 <-1,0.00>	 <0,0.65>	 <1,0.35>	 <2,0.00>	
229:	 <-1,0.41>	 <0,0.18>	 <1,0.06>	 <2,0.35>	
230:	 <-1,0.00>	 <0,0.71>	 <1,0.29>	 <2,0.00>	
231:	 <-1,0.00>	 <0,0.24>	 <1,0.76>	 <2,0.00>	
232:	 <-1,0.06>	 <0,0.47>	 <1,0.00>	 <2,0.47>	
233:	 <-1,0.64>	 <0,0.18>	 <1,0.18>	 <2,0.00>	
234:	 <-1,0.12>	 <0,0.18>	 <1,0.18>	 <2,0.53>	
235:	 <-1,0.18>	 <0,0.41>	 <1,0.00>	 <2,0.41>	
236:	 <-1,0.64>	 <0,0.24>	 <1,0.12>	 <2,0.00>	
237:	 <-1,0.00>	 <0,0.00>	 <1,1.00>	 <2,0.00>	
238:	 <-1,0.00>	 <0,0.88>	 <1,0.06>	 <2,0.06>	
239:	 <-1,0.06>	 <0,0.94>	 <1,0.00>	 <2,0.00>	
240:	 <-1,0.47>	 <0,0.41>	 <1,0.00>	 <2,0.12>	
241:	 <-1,0.00>	 <0,0.47>	 <1,0.53>	 <2,0.00>	
242:	 <-1,0.00>	 <0,0.06>	 <1,0.94>	 <2,0.00>	
243:	 <-1,0.00>	 <0,0.53>	 <1,0.47>	 <2,0.00>	
244:	 <-1,0.00>	 <0,0.18>	 <1,0.41>	 <2,0.41>	
245:	 <-1,0.00>	 <0,0.12>	 <1,0.29>	 <2,0.59>	
246:	 <-1,0.24>	 <0,0.24>	 <1,0.00>	 <2,0.53>	
247:	 <-1,0.00>	 <0,0.82>	 <1,0.18>	 <2,0.00>	
248:	 <-1,0.00>	 <0,0.59>	 <1,0.06>	 <2,0.35>	
249:	 <-1,0.06>	 <0,0.06>	 <1,0.35>	 <2,0.53>	
250:	 <-1,0.76>	 <0,0.12>	 <1,0.00>	 <2,0.12>	
251:	 <-1,0.06>	 <0,0.94>	 <1,0.00>	 <2,0.00>	
252:	 <-1,0.94>	 <0,0.06>	 <1,0.00>	 <2,0.00>	
253:	 <-1,0.00>	 <0,0.88>	 <1,0.12>	 <2,0.00>	
254:	 <-1,0.65>	 <0,0.06>	 <1,0.00>	 <2,0.29>	
255:	 <-1,1.00>	 <0,0.00>	 <1,0.00>	 <2,0.00>	
256:	 <-1,0.88>	 <0,0.12>	 <1,0.00>	 <2,0.00>	
257:	 <-1,0.06>	 <0,0.88>	 <1,0.06>	 <2,0.00>	
258:	 <-1,0.00>	 <0,0.82>	 <1,0.18>	 <2,0.00>	
259:	 <-1,0.00>	 <0,1.00>	 <1,0.00>	 <2,0.00>	
260:	 <-1,0.00>	 <0,0.71>	 <1,0.29>	 <2,0.00>	
261:	 <-1,0.82>	 <0,0.12>	 <1,0.00>	 <2,0.06>	
262:	 <-1,0.00>	 <0,0.82>	 <1,0.06>	 <2,0.12>	
263:	 <-1,0.94>	 <0,0.06>	 <1,0.00>	 <2,0.00>	
264:	 <-1,0.00>	 <0,0.76>	 <1,0.24>	 <2,0.00>	
265:	 <-1,0.41>	 <0,0.53>	 <1,0.06>	 <2,0.00>	
266:	 <-1,0.00>	 <0,0.12>	 <1,0.88>	 <2,0.00>	
267:	 <-1,0.00>	 <0,0.18>	 <1,0.00>	 <2,0.82>	
268:	 <-1,0.00>	 <0,0.06>	 <1,0.94>	 <2,0.00>	
269:	 <-1,0.00>	 <0,0.18>	 <1,0.18>	 <2,0.64>	
270:	 <-1,0.00>	 <0,0.00>	 <1,1.00>	 <2,0.00>	
271:	 <-1,0.18>	 <0,0.41>	 <1,0.00>	 <2,0.41>	
272:	 <-1,0.47>	 <0,0.53>	 <1,0.00>	 <2,0.00>	
273:	 <-1,0.94>	 <0,0.06>	 <1,0.00>	 <2,0.00>	
274:	 <-1,0.82>	 <0,0.12>	 <1,0.00>	 <2,0.06>	
275:	 <-1,0.00>	 <0,0.29>	 <1,0.71>	 <2,0.00>	
276:	 <-1,0.00>	 <0,0.00>	 <1,1.00>	 <2,0.00>	
277:	 <-1,0.00>	 <0,0.24>	 <1,0.76>	 <2,0.00>	
278:	 <-1,0.76>	 <0,0.24>	 <1,0.00>	 <2,0.00>	
279:	 <-1,0.00>	 <0,0.29>	 <1,0.71>	 <2,0.00>	
280:	 <-1,0.00>	 <0,0.65>	 <1,0.35>	 <2,0.00>	
281:	 <-1,0.41>	 <0,0.41>	 <1,0.18>	 <2,0.00>	
282:	 <-1,0.70>	 <0,0.24>	 <1,0.06>	 <2,0.00>	
283:	 <-1,0.00>	 <0,0.88>	 <1,0.12>	 <2,0.00>	
284:	 <-1,0.00>	 <0,1.00>	 <1,0.00>	 <2,0.00>	
285:	 <-1,0.94>	 <0,0.06>	 <1,0.00>	 <2,0.00>	
286:	 <-1,0.00>	 <0,1.00>	 <1,0.00>	 <2,0.00>	
287:	 <-1,0.00>	 <0,0.82>	 <1,0.00>	 <2,0.18>	
288:	 <-1,0.29>	 <0,0.41>	 <1,0.18>	 <2,0.12>	
289:	 <-1,0.00>	 <0,0.00>	 <1,1.00>	 <2,0.00>	
290:	 <-1,1.00>	 <0,0.00>	 <1,0.00>	 <2,0.00>	
291:	 <-1,0.00>	 <0,0.06>	 <1,0.94>	 <2,0.00>	
292:	 <-1,0.94>	 <0,0.06>	 <1,0.00>	 <2,0.00>	
293:	 <-1,0.94>	 <0,0.06>	 <1,0.00>	 <2,0.00>	
294:	 <-1,0.00>	 <0,0.35>	 <1,0.53>	 <2,0.12>	
295:	 <-1,0.94>	 <0,0.06>	 <1,0.00>	 <2,0.00>	
296:	 <-1,0.12>	 <0,0.29>	 <1,0.41>	 <2,0.18>	
297:	 <-1,0.00>	 <0,0.06>	 <1,0.00>	 <2,0.94>	
298:	 <-1,0.47>	 <0,0.12>	 <1,0.00>	 <2,0.41>	
299:	 <-1,0.12>	 <0,0.70>	 <1,0.00>	 <2,0.18>	
300:	 <-1,0.29>	 <0,0.53>	 <1,0.00>	 <2,0.18>	
301:	 <-1,0.06>	 <0,0.12>	 <1,0.18>	 <2,0.64>	
302:	 <-1,0.47>	 <0,0.06>	 <1,0.00>	 <2,0.47>	
303:	 <-1,0.94>	 <0,0.06>	 <1,0.00>	 <2,0.00>	
304:	 <-1,0.47>	 <0,0.29>	 <1,0.00>	 <2,0.24>	
305:	 <-1,0.06>	 <0,0.06>	 <1,0.00>	 <2,0.88>	
306:	 <-1,0.00>	 <0,0.24>	 <1,0.00>	 <2,0.76>	
307:	 <-1,0.00>	 <0,0.06>	 <1,0.70>	 <2,0.24>	
308:	 <-1,0.00>	 <0,0.06>	 <1,0.35>	 <2,0.59>	
309:	 <-1,0.88>	 <0,0.12>	 <1,0.00>	 <2,0.00>	
310:	 <-1,0.06>	 <0,0.24>	 <1,0.12>	 <2,0.58>	
311:	 <-1,0.12>	 <0,0.58>	 <1,0.24>	 <2,0.06>	
312:	 <-1,0.76>	 <0,0.18>	 <1,0.00>	 <2,0.06>	
313:	 <-1,0.00>	 <0,0.41>	 <1,0.06>	 <2,0.53>	
314:	 <-1,0.88>	 <0,0.12>	 <1,0.00>	 <2,0.00>	
315:	 <-1,0.00>	 <0,0.12>	 <1,0.82>	 <2,0.06>	
316:	 <-1,0.58>	 <0,0.18>	 <1,0.12>	 <2,0.12>	
317:	 <-1,0.00>	 <0,1.00>	 <1,0.00>	 <2,0.00>	
318:	 <-1,0.88>	 <0,0.12>	 <1,0.00>	 <2,0.00>	
319:	 <-1,0.00>	 <0,0.00>	 <1,1.00>	 <2,0.00>	
320:	 <-1,0.00>	 <0,0.00>	 <1,0.00>	 <2,1.00>	
321:	 <-1,0.00>	 <0,0.76>	 <1,0.24>	 <2,0.00>	
322:	 <-1,0.88>	 <0,0.12>	 <1,0.00>	 <2,0.00>	
323:	 <-1,1.00>	 <0,0.00>	 <1,0.00>	 <2,0.00>	
324:	 <-1,0.00>	 <0,0.41>	 <1,0.41>	 <2,0.18>	
325:	 <-1,0.82>	 <0,0.12>	 <1,0.00>	 <2,0.06>	
326:	 <-1,0.76>	 <0,0.18>	 <1,0.00>	 <2,0.06>	
327:	 <-1,0.00>	 <0,0.24>	 <1,0.24>	 <2,0.53>	
328:	 <-1,0.00>	 <0,0.94>	 <1,0.06>	 <2,0.00>	
329:	 <-1,0.00>	 <0,0.18>	 <1,0.82>	 <2,0.00>	
330:	 <-1,0.00>	 <0,0.71>	 <1,0.29>	 <2,0.00>	
331:	 <-1,0.00>	 <0,0.47>	 <1,0.41>	 <2,0.12>	
332:	 <-1,0.29>	 <0,0.71>	 <1,0.00>	 <2,0.00>	
333:	 <-1,0.00>	 <0,0.29>	 <1,0.35>	 <2,0.35>	
334:	 <-1,0.00>	 <0,0.94>	 <1,0.00>	 <2,0.06>	
335:	 <-1,0.41>	 <0,0.18>	 <1,0.06>	 <2,0.35>	
336:	 <-1,0.00>	 <0,0.12>	 <1,0.12>	 <2,0.76>	
337:	 <-1,0.41>	 <0,0.29>	 <1,0.06>	 <2,0.24>	
338:	 <-1,0.24>	 <0,0.76>	 <1,0.00>	 <2,0.00>	
339:	 <-1,0.06>	 <0,0.12>	 <1,0.82>	 <2,0.00>	
340:	 <-1,0.41>	 <0,0.29>	 <1,0.29>	 <2,0.00>	
341:	 <-1,0.12>	 <0,0.29>	 <1,0.12>	 <2,0.47>	
342:	 <-1,0.00>	 <0,0.94>	 <1,0.06>	 <2,0.00>	
343:	 <-1,0.70>	 <0,0.24>	 <1,0.06>	 <2,0.00>	
344:	 <-1,1.00>	 <0,0.00>	 <1,0.00>	 <2,0.00>	
345:	 <-1,1.00>	 <0,0.00>	 <1,0.00>	 <2,0.00>	
346:	 <-1,0.35>	 <0,0.41>	 <1,0.06>	 <2,0.18>	
347:	 <-1,0.00>	 <0,0.76>	 <1,0.24>	 <2,0.00>	
348:	 <-1,0.88>	 <0,0.12>	 <1,0.00>	 <2,0.00>	
349:	 <-1,0.35>	 <0,0.65>	 <1,0.00>	 <2,0.00>	
350:	 <-1,0.64>	 <0,0.18>	 <1,0.00>	 <2,0.18>	
351:	 <-1,0.18>	 <0,0.18>	 <1,0.06>	 <2,0.58>	
352:	 <-1,0.35>	 <0,0.18>	 <1,0.00>	 <2,0.47>	
353:	 <-1,0.70>	 <0,0.18>	 <1,0.00>	 <2,0.12>	
354:	 <-1,0.12>	 <0,0.29>	 <1,0.41>	 <2,0.18>	
355:	 <-1,0.00>	 <0,0.76>	 <1,0.24>	 <2,0.00>	
356:	 <-1,0.00>	 <0,1.00>	 <1,0.00>	 <2,0.00>	
357:	 <-1,0.41>	 <0,0.12>	 <1,0.00>	 <2,0.47>	
358:	 <-1,0.24>	 <0,0.58>	 <1,0.00>	 <2,0.18>	
359:	 <-1,0.71>	 <0,0.00>	 <1,0.00>	 <2,0.29>	
360:	 <-1,0.00>	 <0,0.70>	 <1,0.24>	 <2,0.06>	
361:	 <-1,0.82>	 <0,0.12>	 <1,0.00>	 <2,0.06>	
362:	 <-1,0.41>	 <0,0.12>	 <1,0.00>	 <2,0.47>	
363:	 <-1,0.88>	 <0,0.12>	 <1,0.00>	 <2,0.00>	
364:	 <-1,0.00>	 <0,0.29>	 <1,0.71>	 <2,0.00>	
365:	 <-1,0.00>	 <0,0.00>	 <1,1.00>	 <2,0.00>	
366:	 <-1,0.00>	 <0,0.18>	 <1,0.76>	 <2,0.06>	
367:	 <-1,0.00>	 <0,0.18>	 <1,0.82>	 <2,0.00>	
368:	 <-1,0.00>	 <0,0.18>	 <1,0.82>	 <2,0.00>	
369:	 <-1,0.65>	 <0,0.00>	 <1,0.00>	 <2,0.35>	
370:	 <-1,0.29>	 <0,0.65>	 <1,0.06>	 <2,0.00>	
371:	 <-1,0.00>	 <0,0.06>	 <1,0.94>	 <2,0.00>	
372:	 <-1,0.00>	 <0,0.88>	 <1,0.00>	 <2,0.12>	
373:	 <-1,0.00>	 <0,0.82>	 <1,0.18>	 <2,0.00>	
374:	 <-1,0.00>	 <0,0.65>	 <1,0.35>	 <2,0.00>	
375:	 <-1,0.00>	 <0,0.24>	 <1,0.76>	 <2,0.00>	
376:	 <-1,0.88>	 <0,0.06>	 <1,0.00>	 <2,0.06>	
377:	 <-1,0.00>	 <0,0.06>	 <1,0.94>	 <2,0.00>	
378:	 <-1,0.06>	 <0,0.18>	 <1,0.64>	 <2,0.12>	
379:	 <-1,1.00>	 <0,0.00>	 <1,0.00>	 <2,0.00>	
380:	 <-1,0.94>	 <0,0.06>	 <1,0.00>	 <2,0.00>	
381:	 <-1,0.47>	 <0,0.12>	 <1,0.00>	 <2,0.41>	
382:	 <-1,0.00>	 <0,1.00>	 <1,0.00>	 <2,0.00>	
383:	 <-1,0.41>	 <0,0.35>	 <1,0.00>	 <2,0.24>	
384:	 <-1,0.12>	 <0,0.12>	 <1,0.12>	 <2,0.64>	
385:	 <-1,0.94>	 <0,0.06>	 <1,0.00>	 <2,0.00>	
386:	 <-1,0.65>	 <0,0.00>	 <1,0.00>	 <2,0.35>	
387:	 <-1,0.00>	 <0,1.00>	 <1,0.00>	 <2,0.00>	
388:	 <-1,0.00>	 <0,0.29>	 <1,0.71>	 <2,0.00>	
389:	 <-1,0.65>	 <0,0.29>	 <1,0.06>	 <2,0.00>	
390:	 <-1,0.06>	 <0,0.82>	 <1,0.06>	 <2,0.06>	
391:	 <-1,1.00>	 <0,0.00>	 <1,0.00>	 <2,0.00>	
392:	 <-1,0.53>	 <0,0.41>	 <1,0.06>	 <2,0.00>	
393:	 <-1,0.18>	 <0,0.18>	 <1,0.06>	 <2,0.58>	
394:	 <-1,0.59>	 <0,0.35>	 <1,0.00>	 <2,0.06>	
395:	 <-1,0.06>	 <0,0.94>	 <1,0.00>	 <2,0.00>	
396:	 <-1,0.12>	 <0,0.88>	 <1,0.00>	 <2,0.00>	
397:	 <-1,0.00>	 <0,0.47>	 <1,0.53>	 <2,0.00>	
398:	 <-1,0.94>	 <0,0.06>	 <1,0.00>	 <2,0.00>	
399:	 <-1,0.00>	 <0,0.24>	 <1,0.70>	 <2,0.06>	
400:	 <-1,0.76>	 <0,0.00>	 <1,0.24>	 <2,0.00>	
401:	 <-1,0.12>	 <0,0.88>	 <1,0.00>	 <2,0.00>	
402:	 <-1,0.94>	 <0,0.06>	 <1,0.00>	 <2,0.00>	
403:	 <-1,0.53>	 <0,0.18>	 <1,0.00>	 <2,0.29>	
404:	 <-1,1.00>	 <0,0.00>	 <1,0.00>	 <2,0.00>	
405:	 <-1,0.53>	 <0,0.41>	 <1,0.06>	 <2,0.00>	
406:	 <-1,0.00>	 <0,0.06>	 <1,0.94>	 <2,0.00>	
407:	 <-1,0.00>	 <0,0.12>	 <1,0.12>	 <2,0.76>	
408:	 <-1,0.94>	 <0,0.06>	 <1,0.00>	 <2,0.00>	
409:	 <-1,0.88>	 <0,0.12>	 <1,0.00>	 <2,0.00>	
410:	 <-1,0.06>	 <0,0.06>	 <1,0.24>	 <2,0.64>	
411:	 <-1,0.00>	 <0,0.35>	 <1,0.65>	 <2,0.00>	
412:	 <-1,0.88>	 <0,0.06>	 <1,0.06>	 <2,0.00>	
413:	 <-1,0.88>	 <0,0.12>	 <1,0.00>	 <2,0.00>	
414:	 <-1,1.00>	 <0,0.00>	 <1,0.00>	 <2,0.00>	
415:	 <-1,0.00>	 <0,0.88>	 <1,0.12>	 <2,0.00>	
416:	 <-1,0.71>	 <0,0.29>	 <1,0.00>	 <2,0.00>	
417:	 <-1,0.06>	 <0,0.88>	 <1,0.00>	 <2,0.06>	
418:	 <-1,0.06>	 <0,0.18>	 <1,0.76>	 <2,0.00>	
419:	 <-1,0.12>	 <0,0.24>	 <1,0.06>	 <2,0.58>	
420:	 <-1,0.06>	 <0,0.41>	 <1,0.12>	 <2,0.41>	
421:	 <-1,0.59>	 <0,0.29>	 <1,0.00>	 <2,0.12>	
422:	 <-1,0.76>	 <0,0.06>	 <1,0.18>	 <2,0.00>	
423:	 <-1,0.18>	 <0,0.24>	 <1,0.00>	 <2,0.58>	
424:	 <-1,0.00>	 <0,0.88>	 <1,0.12>	 <2,0.00>	
425:	 <-1,0.06>	 <0,0.18>	 <1,0.76>	 <2,0.00>	
426:	 <-1,0.00>	 <0,0.18>	 <1,0.24>	 <2,0.58>	
427:	 <-1,0.12>	 <0,0.18>	 <1,0.00>	 <2,0.70>	
428:	 <-1,0.12>	 <0,0.82>	 <1,0.06>	 <2,0.00>	
429:	 <-1,0.00>	 <0,0.24>	 <1,0.64>	 <2,0.12>	
430:	 <-1,0.35>	 <0,0.41>	 <1,0.00>	 <2,0.24>	
431:	 <-1,0.65>	 <0,0.29>	 <1,0.06>	 <2,0.00>	
432:	 <-1,0.94>	 <0,0.06>	 <1,0.00>	 <2,0.00>	
433:	 <-1,1.00>	 <0,0.00>	 <1,0.00>	 <2,0.00>	
434:	 <-1,0.00>	 <0,1.00>	 <1,0.00>	 <2,0.00>	
435:	 <-1,0.00>	 <0,0.82>	 <1,0.06>	 <2,0.12>	
436:	 <-1,0.00>	 <0,0.59>	 <1,0.29>	 <2,0.12>	
437:	 <-1,0.00>	 <0,0.76>	 <1,0.18>	 <2,0.06>	
438:	 <-1,0.06>	 <0,0.47>	 <1,0.47>	 <2,0.00>	
439:	 <-1,0.88>	 <0,0.12>	 <1,0.00>	 <2,0.00>	
440:	 <-1,0.00>	 <0,0.71>	 <1,0.29>	 <2,0.00>	
441:	 <-1,0.00>	 <0,0.76>	 <1,0.18>	 <2,0.06>	
442:	 <-1,0.18>	 <0,0.35>	 <1,0.35>	 <2,0.12>	
443:	 <-1,0.88>	 <0,0.12>	 <1,0.00>	 <2,0.00>	
444:	 <-1,0.00>	 <0,0.65>	 <1,0.29>	 <2,0.06>	
445:	 <-1,0.64>	 <0,0.18>	 <1,0.06>	 <2,0.12>	
446:	 <-1,0.00>	 <0,0.53>	 <1,0.47>	 <2,0.00>	
447:	 <-1,0.18>	 <0,0.82>	 <1,0.00>	 <2,0.00>	
448:	 <-1,0.47>	 <0,0.53>	 <1,0.00>	 <2,0.00>	
449:	 <-1,0.00>	 <0,0.00>	 <1,1.00>	 <2,0.00>	
450:	 <-1,0.35>	 <0,0.12>	 <1,0.06>	 <2,0.47>	
451:	 <-1,0.12>	 <0,0.35>	 <1,0.53>	 <2,0.00>	
452:	 <-1,0.00>	 <0,0.64>	 <1,0.18>	 <2,0.18>	
453:	 <-1,0.00>	 <0,0.47>	 <1,0.53>	 <2,0.00>	
454:	 <-1,0.00>	 <0,0.76>	 <1,0.24>	 <2,0.00>	
455:	 <-1,0.00>	 <0,0.24>	 <1,0.76>	 <2,0.00>	
456:	 <-1,0.76>	 <0,0.24>	 <1,0.00>	 <2,0.00>	
457:	 <-1,0.06>	 <0,0.94>	 <1,0.00>	 <2,0.00>	
458:	 <-1,0.00>	 <0,0.41>	 <1,0.59>	 <2,0.00>	
459:	 <-1,0.82>	 <0,0.12>	 <1,0.00>	 <2,0.06>	
460:	 <-1,0.00>	 <0,1.00>	 <1,0.00>	 <2,0.00>	
461:	 <-1,0.18>	 <0,0.06>	 <1,0.24>	 <2,0.53>	
462:	 <-1,0.76>	 <0,0.18>	 <1,0.00>	 <2,0.06>	
463:	 <-1,0.12>	 <0,0.82>	 <1,0.00>	 <2,0.06>	
464:	 <-1,0.00>	 <0,0.24>	 <1,0.76>	 <2,0.00>	
465:	 <-1,0.76>	 <0,0.18>	 <1,0.00>	 <2,0.06>	
466:	 <-1,0.12>	 <0,0.41>	 <1,0.00>	 <2,0.47>	
467:	 <-1,0.00>	 <0,0.06>	 <1,0.94>	 <2,0.00>	
468:	 <-1,0.00>	 <0,0.59>	 <1,0.41>	 <2,0.00>	
469:	 <-1,0.00>	 <0,0.06>	 <1,0.94>	 <2,0.00>	
470:	 <-1,0.00>	 <0,0.12>	 <1,0.88>	 <2,0.00>	
471:	 <-1,1.00>	 <0,0.00>	 <1,0.00>	 <2,0.00>	
472:	 <-1,0.00>	 <0,0.24>	 <1,0.76>	 <2,0.00>	
473:	 <-1,0.82>	 <0,0.12>	 <1,0.06>	 <2,0.00>	
474:	 <-1,0.29>	 <0,0.12>	 <1,0.06>	 <2,0.53>	
475:	 <-1,0.06>	 <0,0.76>	 <1,0.12>	 <2,0.06>	
476:	 <-1,0.12>	 <0,0.88>	 <1,0.00>	 <2,0.00>	
477:	 <-1,0.00>	 <0,0.12>	 <1,0.88>	 <2,0.00>	
478:	 <-1,0.00>	 <0,0.65>	 <1,0.35>	 <2,0.00>	
479:	 <-1,0.24>	 <0,0.76>	 <1,0.00>	 <2,0.00>	
480:	 <-1,0.24>	 <0,0.76>	 <1,0.00>	 <2,0.00>	
481:	 <-1,0.00>	 <0,0.24>	 <1,0.00>	 <2,0.76>	
482:	 <-1,0.88>	 <0,0.12>	 <1,0.00>	 <2,0.00>	
483:	 <-1,0.06>	 <0,0.35>	 <1,0.53>	 <2,0.06>	
484:	 <-1,0.00>	 <0,0.53>	 <1,0.47>	 <2,0.00>	
485:	 <-1,0.00>	 <0,0.06>	 <1,0.88>	 <2,0.06>	
486:	 <-1,0.76>	 <0,0.24>	 <1,0.00>	 <2,0.00>	
487:	 <-1,0.82>	 <0,0.18>	 <1,0.00>	 <2,0.00>	
488:	 <-1,0.24>	 <0,0.41>	 <1,0.12>	 <2,0.24>	
489:	 <-1,0.76>	 <0,0.18>	 <1,0.00>	 <2,0.06>	
490:	 <-1,0.00>	 <0,0.41>	 <1,0.53>	 <2,0.06>	
491:	 <-1,0.35>	 <0,0.65>	 <1,0.00>	 <2,0.00>	
492:	 <-1,0.00>	 <0,0.71>	 <1,0.29>	 <2,0.00>	
493:	 <-1,0.06>	 <0,0.06>	 <1,0.00>	 <2,0.88>	
494:	 <-1,0.94>	 <0,0.00>	 <1,0.06>	 <2,0.00>	
495:	 <-1,0.00>	 <0,0.82>	 <1,0.12>	 <2,0.06>	
496:	 <-1,0.06>	 <0,0.64>	 <1,0.18>	 <2,0.12>	
497:	 <-1,0.94>	 <0,0.06>	 <1,0.00>	 <2,0.00>	
498:	 <-1,0.00>	 <0,0.94>	 <1,0.06>	 <2,0.00>	
499:	 <-1,0.00>	 <0,0.59>	 <1,0.41>	 <2,0.00>	
500:	 <-1,0.06>	 <0,0.94>	 <1,0.00>	 <2,0.00>	
501:	 <-1,1.00>	 <0,0.00>	 <1,0.00>	 <2,0.00>	
502:	 <-1,0.00>	 <0,0.65>	 <1,0.00>	 <2,0.35>	
503:	 <-1,0.70>	 <0,0.12>	 <1,0.00>	 <2,0.18>	
504:	 <-1,0.18>	 <0,0.29>	 <1,0.00>	 <2,0.53>	
505:	 <-1,0.94>	 <0,0.06>	 <1,0.00>	 <2,0.00>	
506:	 <-1,0.41>	 <0,0.59>	 <1,0.00>	 <2,0.00>	
507:	 <-1,0.47>	 <0,0.18>	 <1,0.00>	 <2,0.35>	
508:	 <-1,1.00>	 <0,0.00>	 <1,0.00>	 <2,0.00>	
509:	 <-1,0.82>	 <0,0.06>	 <1,0.00>	 <2,0.12>	
510:	 <-1,0.24>	 <0,0.64>	 <1,0.06>	 <2,0.06>	
511:	 <-1,0.00>	 <0,0.76>	 <1,0.24>	 <2,0.00>	
512:	 <-1,0.53>	 <0,0.24>	 <1,0.06>	 <2,0.18>	
513:	 <-1,0.00>	 <0,0.06>	 <1,0.00>	 <2,0.94>	
514:	 <-1,0.00>	 <0,0.76>	 <1,0.24>	 <2,0.00>	
515:	 <-1,0.35>	 <0,0.35>	 <1,0.24>	 <2,0.06>	
516:	 <-1,0.24>	 <0,0.12>	 <1,0.00>	 <2,0.64>	
517:	 <-1,0.41>	 <0,0.53>	 <1,0.00>	 <2,0.06>	
518:	 <-1,0.53>	 <0,0.24>	 <1,0.00>	 <2,0.24>	
519:	 <-1,0.94>	 <0,0.06>	 <1,0.00>	 <2,0.00>	
520:	 <-1,0.00>	 <0,0.47>	 <1,0.35>	 <2,0.18>	
521:	 <-1,0.64>	 <0,0.12>	 <1,0.00>	 <2,0.24>	
522:	 <-1,0.59>	 <0,0.35>	 <1,0.06>	 <2,0.00>	
523:	 <-1,0.29>	 <0,0.35>	 <1,0.00>	 <2,0.35>	
524:	 <-1,0.00>	 <0,0.94>	 <1,0.00>	 <2,0.06>	
525:	 <-1,0.06>	 <0,0.82>	 <1,0.06>	 <2,0.06>	
526:	 <-1,0.00>	 <0,1.00>	 <1,0.00>	 <2,0.00>	
527:	 <-1,0.29>	 <0,0.29>	 <1,0.00>	 <2,0.41>	
528:	 <-1,0.06>	 <0,0.29>	 <1,0.00>	 <2,0.65>	
529:	 <-1,0.82>	 <0,0.12>	 <1,0.00>	 <2,0.06>	
530:	 <-1,0.12>	 <0,0.24>	 <1,0.24>	 <2,0.41>	
531:	 <-1,0.00>	 <0,0.12>	 <1,0.88>	 <2,0.00>	
532:	 <-1,0.65>	 <0,0.29>	 <1,0.06>	 <2,0.00>	
533:	 <-1,0.70>	 <0,0.24>	 <1,0.00>	 <2,0.06>	
534:	 <-1,0.06>	 <0,0.47>	 <1,0.47>	 <2,0.00>	
535:	 <-1,0.00>	 <0,0.41>	 <1,0.47>	 <2,0.12>	
536:	 <-1,0.12>	 <0,0.88>	 <1,0.00>	 <2,0.00>	
537:	 <-1,0.00>	 <0,0.18>	 <1,0.53>	 <2,0.29>	
538:	 <-1,0.00>	 <0,0.35>	 <1,0.12>	 <2,0.53>	
539:	 <-1,0.18>	 <0,0.35>	 <1,0.06>	 <2,0.41>	
540:	 <-1,0.82>	 <0,0.18>	 <1,0.00>	 <2,0.00>	
541:	 <-1,0.00>	 <0,0.06>	 <1,0.06>	 <2,0.88>	
542:	 <-1,0.06>	 <0,0.88>	 <1,0.00>	 <2,0.06>	
543:	 <-1,0.00>	 <0,1.00>	 <1,0.00>	 <2,0.00>	
544:	 <-1,0.88>	 <0,0.12>	 <1,0.00>	 <2,0.00>	
545:	 <-1,0.00>	 <0,0.12>	 <1,0.00>	 <2,0.88>	
546:	 <-1,1.00>	 <0,0.00>	 <1,0.00>	 <2,0.00>	
547:	 <-1,0.00>	 <0,0.35>	 <1,0.59>	 <2,0.06>	
548:	 <-1,0.59>	 <0,0.41>	 <1,0.00>	 <2,0.00>	
549:	 <-1,0.00>	 <0,0.12>	 <1,0.29>	 <2,0.59>	
550:	 <-1,0.64>	 <0,0.24>	 <1,0.00>	 <2,0.12>	
551:	 <-1,0.06>	 <0,0.82>	 <1,0.12>	 <2,0.00>	
552:	 <-1,0.47>	 <0,0.47>	 <1,0.00>	 <2,0.06>	
553:	 <-1,0.53>	 <0,0.47>	 <1,0.00>	 <2,0.00>	
554:	 <-1,1.00>	 <0,0.00>	 <1,0.00>	 <2,0.00>	
555:	 <-1,0.00>	 <0,0.88>	 <1,0.06>	 <2,0.06>	
556:	 <-1,0.18>	 <0,0.12>	 <1,0.00>	 <2,0.70>	
557:	 <-1,0.00>	 <0,1.00>	 <1,0.00>	 <2,0.00>	
558:	 <-1,0.06>	 <0,0.94>	 <1,0.00>	 <2,0.00>	
559:	 <-1,0.53>	 <0,0.35>	 <1,0.12>	 <2,0.00>	
560:	 <-1,0.59>	 <0,0.35>	 <1,0.00>	 <2,0.06>	
561:	 <-1,0.94>	 <0,0.06>	 <1,0.00>	 <2,0.00>	
562:	 <-1,0.00>	 <0,1.00>	 <1,0.00>	 <2,0.00>	
563:	 <-1,0.88>	 <0,0.12>	 <1,0.00>	 <2,0.00>	
564:	 <-1,0.00>	 <0,0.88>	 <1,0.12>	 <2,0.00>	
565:	 <-1,0.06>	 <0,0.58>	 <1,0.18>	 <2,0.18>	
566:	 <-1,0.00>	 <0,0.94>	 <1,0.00>	 <2,0.06>	
567:	 <-1,0.53>	 <0,0.47>	 <1,0.00>	 <2,0.00>	
568:	 <-1,0.00>	 <0,0.24>	 <1,0.76>	 <2,0.00>	
569:	 <-1,0.06>	 <0,0.12>	 <1,0.00>	 <2,0.82>	
570:	 <-1,0.00>	 <0,0.24>	 <1,0.41>	 <2,0.35>	
571:	 <-1,0.18>	 <0,0.12>	 <1,0.12>	 <2,0.58>	
572:	 <-1,0.00>	 <0,0.82>	 <1,0.18>	 <2,0.00>	
573:	 <-1,0.00>	 <0,0.00>	 <1,1.00>	 <2,0.00>	
574:	 <-1,0.00>	 <0,0.82>	 <1,0.18>	 <2,0.00>	
575:	 <-1,0.06>	 <0,0.59>	 <1,0.35>	 <2,0.00>	
576:	 <-1,0.00>	 <0,0.00>	 <1,0.06>	 <2,0.94>	
577:	 <-1,0.06>	 <0,0.35>	 <1,0.24>	 <2,0.35>	
578:	 <-1,0.82>	 <0,0.12>	 <1,0.00>	 <2,0.06>	
579:	 <-1,0.00>	 <0,0.06>	 <1,0.24>	 <2,0.70>	
580:	 <-1,0.47>	 <0,0.18>	 <1,0.00>	 <2,0.35>	
581:	 <-1,0.76>	 <0,0.24>	 <1,0.00>	 <2,0.00>	
582:	 <-1,0.64>	 <0,0.24>	 <1,0.12>	 <2,0.00>	
583:	 <-1,0.00>	 <0,0.00>	 <1,1.00>	 <2,0.00>	
584:	 <-1,0.06>	 <0,0.65>	 <1,0.29>	 <2,0.00>	
585:	 <-1,1.00>	 <0,0.00>	 <1,0.00>	 <2,0.00>	
586:	 <-1,0.64>	 <0,0.12>	 <1,0.24>	 <2,0.00>	
587:	 <-1,0.00>	 <0,0.35>	 <1,0.47>	 <2,0.18>	
588:	 <-1,1.00>	 <0,0.00>	 <1,0.00>	 <2,0.00>	
589:	 <-1,0.00>	 <0,0.29>	 <1,0.71>	 <2,0.00>	
590:	 <-1,0.12>	 <0,0.18>	 <1,0.00>	 <2,0.70>	
591:	 <-1,0.29>	 <0,0.59>	 <1,0.06>	 <2,0.06>	
592:	 <-1,0.76>	 <0,0.18>	 <1,0.00>	 <2,0.06>	
593:	 <-1,0.00>	 <0,0.18>	 <1,0.64>	 <2,0.18>	
594:	 <-1,0.00>	 <0,0.71>	 <1,0.29>	 <2,0.00>	
595:	 <-1,1.00>	 <0,0.00>	 <1,0.00>	 <2,0.00>	
596:	 <-1,0.65>	 <0,0.35>	 <1,0.00>	 <2,0.00>	
597:	 <-1,0.06>	 <0,0.12>	 <1,0.18>	 <2,0.64>	
598:	 <-1,0.00>	 <0,0.06>	 <1,0.24>	 <2,0.70>	
599:	 <-1,0.00>	 <0,0.76>	 <1,0.18>	 <2,0.06>	
600:	 <-1,0.53>	 <0,0.35>	 <1,0.06>	 <2,0.06>	
601:	 <-1,0.00>	 <0,0.76>	 <1,0.24>	 <2,0.00>	
602:	 <-1,0.35>	 <0,0.29>	 <1,0.06>	 <2,0.29>	
603:	 <-1,0.88>	 <0,0.12>	 <1,0.00>	 <2,0.00>	
604:	 <-1,0.88>	 <0,0.12>	 <1,0.00>	 <2,0.00>	
605:	 <-1,0.00>	 <0,0.76>	 <1,0.24>	 <2,0.00>	
606:	 <-1,0.00>	 <0,0.59>	 <1,0.41>	 <2,0.00>	
607:	 <-1,0.00>	 <0,0.06>	 <1,0.94>	 <2,0.00>	
608:	 <-1,0.00>	 <0,0.18>	 <1,0.82>	 <2,0.00>	
609:	 <-1,0.00>	 <0,0.06>	 <1,0.94>	 <2,0.00>	
610:	 <-1,0.88>	 <0,0.12>	 <1,0.00>	 <2,0.00>	
611:	 <-1,0.76>	 <0,0.12>	 <1,0.00>	 <2,0.12>	
612:	 <-1,0.76>	 <0,0.24>	 <1,0.00>	 <2,0.00>	
613:	 <-1,0.35>	 <0,0.65>	 <1,0.00>	 <2,0.00>	
614:	 <-1,0.82>	 <0,0.12>	 <1,0.00>	 <2,0.06>	
615:	 <-1,0.00>	 <0,1.00>	 <1,0.00>	 <2,0.00>	
616:	 <-1,0.82>	 <0,0.18>	 <1,0.00>	 <2,0.00>	
617:	 <-1,0.82>	 <0,0.06>	 <1,0.00>	 <2,0.12>	
618:	 <-1,0.24>	 <0,0.12>	 <1,0.24>	 <2,0.41>	
619:	 <-1,0.06>	 <0,0.88>	 <1,0.00>	 <2,0.06>	
620:	 <-1,0.94>	 <0,0.06>	 <1,0.00>	 <2,0.00>	
621:	 <-1,0.00>	 <0,0.35>	 <1,0.59>	 <2,0.06>	
622:	 <-1,0.00>	 <0,0.00>	 <1,0.00>	 <2,1.00>	
623:	 <-1,0.06>	 <0,0.70>	 <1,0.24>	 <2,0.00>	
624:	 <-1,0.06>	 <0,0.94>	 <1,0.00>	 <2,0.00>	
625:	 <-1,0.06>	 <0,0.24>	 <1,0.70>	 <2,0.00>	
626:	 <-1,0.00>	 <0,0.88>	 <1,0.12>	 <2,0.00>	
627:	 <-1,0.12>	 <0,0.88>	 <1,0.00>	 <2,0.00>	
628:	 <-1,0.88>	 <0,0.12>	 <1,0.00>	 <2,0.00>	
629:	 <-1,0.47>	 <0,0.47>	 <1,0.00>	 <2,0.06>	
630:	 <-1,0.00>	 <0,0.82>	 <1,0.06>	 <2,0.12>	
631:	 <-1,0.00>	 <0,0.29>	 <1,0.35>	 <2,0.35>	
632:	 <-1,0.41>	 <0,0.41>	 <1,0.00>	 <2,0.18>	
633:	 <-1,0.59>	 <0,0.41>	 <1,0.00>	 <2,0.00>	
634:	 <-1,0.00>	 <0,0.82>	 <1,0.06>	 <2,0.12>	
635:	 <-1,0.12>	 <0,0.64>	 <1,0.06>	 <2,0.18>	
636:	 <-1,0.00>	 <0,0.47>	 <1,0.53>	 <2,0.00>	
637:	 <-1,0.00>	 <0,1.00>	 <1,0.00>	 <2,0.00>	
638:	 <-1,0.00>	 <0,0.76>	 <1,0.24>	 <2,0.00>	
639:	 <-1,0.00>	 <0,0.65>	 <1,0.35>	 <2,0.00>	
640:	 <-1,1.00>	 <0,0.00>	 <1,0.00>	 <2,0.00>	
641:	 <-1,0.00>	 <0,0.24>	 <1,0.29>	 <2,0.47>	
642:	 <-1,0.00>	 <0,0.29>	 <1,0.71>	 <2,0.00>	
643:	 <-1,0.47>	 <0,0.18>	 <1,0.35>	 <2,0.00>	
644:	 <-1,0.71>	 <0,0.29>	 <1,0.00>	 <2,0.00>	
645:	 <-1,0.00>	 <0,0.41>	 <1,0.59>	 <2,0.00>	
646:	 <-1,0.82>	 <0,0.18>	 <1,0.00>	 <2,0.00>	
647:	 <-1,0.00>	 <0,1.00>	 <1,0.00>	 <2,0.00>	
648:	 <-1,0.29>	 <0,0.71>	 <1,0.00>	 <2,0.00>	
649:	 <-1,0.88>	 <0,0.00>	 <1,0.06>	 <2,0.06>	
650:	 <-1,0.00>	 <0,0.06>	 <1,0.94>	 <2,0.00>	
651:	 <-1,0.00>	 <0,0.12>	 <1,0.88>	 <2,0.00>	
652:	 <-1,0.82>	 <0,0.18>	 <1,0.00>	 <2,0.00>	
653:	 <-1,0.06>	 <0,0.82>	 <1,0.00>	 <2,0.12>	
654:	 <-1,0.41>	 <0,0.59>	 <1,0.00>	 <2,0.00>	
655:	 <-1,0.00>	 <0,0.06>	 <1,0.65>	 <2,0.29>	
656:	 <-1,0.00>	 <0,0.18>	 <1,0.00>	 <2,0.82>	
657:	 <-1,0.18>	 <0,0.47>	 <1,0.18>	 <2,0.18>	
658:	 <-1,0.76>	 <0,0.24>	 <1,0.00>	 <2,0.00>	
659:	 <-1,0.00>	 <0,0.06>	 <1,0.94>	 <2,0.00>	
660:	 <-1,0.18>	 <0,0.24>	 <1,0.00>	 <2,0.58>	
661:	 <-1,0.00>	 <0,0.94>	 <1,0.06>	 <2,0.00>	
662:	 <-1,0.65>	 <0,0.29>	 <1,0.00>	 <2,0.06>	
663:	 <-1,0.00>	 <0,0.24>	 <1,0.76>	 <2,0.00>	
664:	 <-1,0.00>	 <0,1.00>	 <1,0.00>	 <2,0.00>	
665:	 <-1,0.00>	 <0,0.18>	 <1,0.35>	 <2,0.47>	
666:	 <-1,0.53>	 <0,0.47>	 <1,0.00>	 <2,0.00>	
667:	 <-1,0.00>	 <0,0.35>	 <1,0.65>	 <2,0.00>	
668:	 <-1,0.00>	 <0,0.00>	 <1,0.00>	 <2,1.00>	
669:	 <-1,0.00>	 <0,0.29>	 <1,0.35>	 <2,0.35>	
670:	 <-1,0.47>	 <0,0.41>	 <1,0.00>	 <2,0.12>	
671:	 <-1,0.06>	 <0,0.76>	 <1,0.00>	 <2,0.18>	
672:	 <-1,0.06>	 <0,0.18>	 <1,0.76>	 <2,0.00>	
673:	 <-1,1.00>	 <0,0.00>	 <1,0.00>	 <2,0.00>	
674:	 <-1,0.00>	 <0,0.35>	 <1,0.65>	 <2,0.00>	
675:	 <-1,0.00>	 <0,1.00>	 <1,0.00>	 <2,0.00>	
676:	 <-1,0.24>	 <0,0.41>	 <1,0.35>	 <2,0.00>	
677:	 <-1,0.70>	 <0,0.18>	 <1,0.00>	 <2,0.12>	
678:	 <-1,0.12>	 <0,0.76>	 <1,0.12>	 <2,0.00>	
679:	 <-1,0.00>	 <0,0.24>	 <1,0.76>	 <2,0.00>	
680:	 <-1,0.29>	 <0,0.71>	 <1,0.00>	 <2,0.00>	
681:	 <-1,0.00>	 <0,0.76>	 <1,0.24>	 <2,0.00>	
682:	 <-1,0.47>	 <0,0.53>	 <1,0.00>	 <2,0.00>	
683:	 <-1,0.76>	 <0,0.18>	 <1,0.00>	 <2,0.06>	
684:	 <-1,0.00>	 <0,0.65>	 <1,0.00>	 <2,0.35>	
685:	 <-1,0.06>	 <0,0.88>	 <1,0.06>	 <2,0.00>	
686:	 <-1,0.00>	 <0,0.24>	 <1,0.00>	 <2,0.76>	
687:	 <-1,0.06>	 <0,0.24>	 <1,0.12>	 <2,0.58>	
688:	 <-1,0.00>	 <0,0.82>	 <1,0.18>	 <2,0.00>	
689:	 <-1,0.06>	 <0,0.53>	 <1,0.41>	 <2,0.00>	
690:	 <-1,0.88>	 <0,0.12>	 <1,0.00>	 <2,0.00>	
691:	 <-1,0.00>	 <0,1.00>	 <1,0.00>	 <2,0.00>	
692:	 <-1,0.70>	 <0,0.24>	 <1,0.00>	 <2,0.06>	
693:	 <-1,0.18>	 <0,0.76>	 <1,0.00>	 <2,0.06>	
694:	 <-1,1.00>	 <0,0.00>	 <1,0.00>	 <2,0.00>	
695:	 <-1,0.00>	 <0,1.00>	 <1,0.00>	 <2,0.00>	
696:	 <-1,1.00>	 <0,0.00>	 <1,0.00>	 <2,0.00>	
697:	 <-1,0.00>	 <0,0.41>	 <1,0.59>	 <2,0.00>	
698:	 <-1,0.06>	 <0,0.53>	 <1,0.41>	 <2,0.00>	
699:	 <-1,0.00>	 <0,0.12>	 <1,0.82>	 <2,0.06>	
700:	 <-1,0.82>	 <0,0.12>	 <1,0.06>	 <2,0.00>	
701:	 <-1,0.76>	 <0,0.24>	 <1,0.00>	 <2,0.00>	
702:	 <-1,0.00>	 <0,0.06>	 <1,0.94>	 <2,0.00>	
703:	 <-1,0.88>	 <0,0.06>	 <1,0.06>	 <2,0.00>	
704:	 <-1,0.59>	 <0,0.06>	 <1,0.06>	 <2,0.29>	
705:	 <-1,0.94>	 <0,0.06>	 <1,0.00>	 <2,0.00>	
706:	 <-1,0.00>	 <0,0.29>	 <1,0.65>	 <2,0.06>	
707:	 <-1,0.82>	 <0,0.12>	 <1,0.06>	 <2,0.00>	
708:	 <-1,1.00>	 <0,0.00>	 <1,0.00>	 <2,0.00>	
709:	 <-1,0.00>	 <0,0.12>	 <1,0.88>	 <2,0.00>	
710:	 <-1,0.00>	 <0,0.94>	 <1,0.06>	 <2,0.00>	
711:	 <-1,0.41>	 <0,0.53>	 <1,0.06>	 <2,0.00>	
712:	 <-1,0.88>	 <0,0.12>	 <1,0.00>	 <2,0.00>	
713:	 <-1,0.00>	 <0,0.41>	 <1,0.59>	 <2,0.00>	
714:	 <-1,0.06>	 <0,0.24>	 <1,0.53>	 <2,0.18>	
715:	 <-1,0.00>	 <0,0.18>	 <1,0.82>	 <2,0.00>	
716:	 <-1,0.94>	 <0,0.06>	 <1,0.00>	 <2,0.00>	
717:	 <-1,0.76>	 <0,0.18>	 <1,0.00>	 <2,0.06>	
718:	 <-1,0.88>	 <0,0.00>	 <1,0.00>	 <2,0.12>	
719:	 <-1,0.00>	 <0,0.24>	 <1,0.70>	 <2,0.06>	
720:	 <-1,0.76>	 <0,0.24>	 <1,0.00>	 <2,0.00>	
721:	 <-1,0.29>	 <0,0.00>	 <1,0.00>	 <2,0.71>	
722:	 <-1,0.00>	 <0,0.88>	 <1,0.12>	 <2,0.00>	
723:	 <-1,0.06>	 <0,0.00>	 <1,0.94>	 <2,0.00>	
724:	 <-1,0.00>	 <0,1.00>	 <1,0.00>	 <2,0.00>	
725:	 <-1,0.35>	 <0,0.18>	 <1,0.12>	 <2,0.35>	
726:	 <-1,0.53>	 <0,0.41>	 <1,0.00>	 <2,0.06>	
727:	 <-1,0.76>	 <0,0.24>	 <1,0.00>	 <2,0.00>	
728:	 <-1,0.47>	 <0,0.53>	 <1,0.00>	 <2,0.00>	
729:	 <-1,0.12>	 <0,0.88>	 <1,0.00>	 <2,0.00>	
730:	 <-1,0.58>	 <0,0.24>	 <1,0.06>	 <2,0.12>	
731:	 <-1,0.94>	 <0,0.00>	 <1,0.00>	 <2,0.06>	
732:	 <-1,0.12>	 <0,0.88>	 <1,0.00>	 <2,0.00>	
733:	 <-1,0.00>	 <0,0.06>	 <1,0.94>	 <2,0.00>	
734:	 <-1,0.94>	 <0,0.06>	 <1,0.00>	 <2,0.00>	
735:	 <-1,0.76>	 <0,0.12>	 <1,0.00>	 <2,0.12>	
736:	 <-1,0.00>	 <0,0.00>	 <1,1.00>	 <2,0.00>	
737:	 <-1,0.94>	 <0,0.06>	 <1,0.00>	 <2,0.00>	
738:	 <-1,0.06>	 <0,0.76>	 <1,0.12>	 <2,0.06>	
739:	 <-1,0.12>	 <0,0.12>	 <1,0.06>	 <2,0.70>	
740:	 <-1,0.00>	 <0,0.29>	 <1,0.00>	 <2,0.71>	
741:	 <-1,0.00>	 <0,0.70>	 <1,0.18>	 <2,0.12>	
742:	 <-1,0.00>	 <0,0.12>	 <1,0.88>	 <2,0.00>	
743:	 <-1,0.06>	 <0,0.53>	 <1,0.18>	 <2,0.24>	
744:	 <-1,0.94>	 <0,0.06>	 <1,0.00>	 <2,0.00>	
745:	 <-1,0.00>	 <0,0.12>	 <1,0.88>	 <2,0.00>	
746:	 <-1,0.06>	 <0,0.00>	 <1,0.76>	 <2,0.18>	
747:	 <-1,0.12>	 <0,0.18>	 <1,0.12>	 <2,0.58>	
748:	 <-1,0.29>	 <0,0.24>	 <1,0.12>	 <2,0.35>	
749:	 <-1,0.24>	 <0,0.64>	 <1,0.00>	 <2,0.12>	
750:	 <-1,0.06>	 <0,0.12>	 <1,0.82>	 <2,0.00>	
751:	 <-1,0.00>	 <0,0.29>	 <1,0.71>	 <2,0.00>	
752:	 <-1,0.00>	 <0,0.71>	 <1,0.29>	 <2,0.00>	
753:	 <-1,0.24>	 <0,0.70>	 <1,0.06>	 <2,0.00>	
754:	 <-1,0.12>	 <0,0.35>	 <1,0.12>	 <2,0.41>	
755:	 <-1,0.18>	 <0,0.82>	 <1,0.00>	 <2,0.00>	
756:	 <-1,0.00>	 <0,0.76>	 <1,0.24>	 <2,0.00>	
757:	 <-1,0.00>	 <0,0.24>	 <1,0.76>	 <2,0.00>	
758:	 <-1,0.12>	 <0,0.18>	 <1,0.58>	 <2,0.12>	
759:	 <-1,0.76>	 <0,0.18>	 <1,0.00>	 <2,0.06>	
760:	 <-1,0.41>	 <0,0.59>	 <1,0.00>	 <2,0.00>	
761:	 <-1,0.53>	 <0,0.41>	 <1,0.06>	 <2,0.00>	
762:	 <-1,0.88>	 <0,0.12>	 <1,0.00>	 <2,0.00>	
763:	 <-1,0.00>	 <0,0.88>	 <1,0.12>	 <2,0.00>	
764:	 <-1,0.00>	 <0,0.70>	 <1,0.24>	 <2,0.06>	
765:	 <-1,0.41>	 <0,0.59>	 <1,0.00>	 <2,0.00>	
766:	 <-1,0.24>	 <0,0.06>	 <1,0.06>	 <2,0.64>	
767:	 <-1,0.00>	 <0,0.65>	 <1,0.35>	 <2,0.00>	
768:	 <-1,0.00>	 <0,0.71>	 <1,0.29>	 <2,0.00>	
769:	 <-1,0.06>	 <0,0.00>	 <1,0.94>	 <2,0.00>	
770:	 <-1,0.00>	 <0,0.06>	 <1,0.06>	 <2,0.88>	
771:	 <-1,0.64>	 <0,0.24>	 <1,0.00>	 <2,0.12>	
772:	 <-1,0.00>	 <0,0.94>	 <1,0.00>	 <2,0.06>	
773:	 <-1,0.00>	 <0,0.24>	 <1,0.76>	 <2,0.00>	
774:	 <-1,0.76>	 <0,0.12>	 <1,0.12>	 <2,0.00>	
775:	 <-1,0.00>	 <0,0.41>	 <1,0.59>	 <2,0.00>	
776:	 <-1,0.12>	 <0,0.29>	 <1,0.53>	 <2,0.06>	
777:	 <-1,0.76>	 <0,0.12>	 <1,0.00>	 <2,0.12>	
778:	 <-1,0.00>	 <0,0.29>	 <1,0.00>	 <2,0.71>	
779:	 <-1,0.12>	 <0,0.29>	 <1,0.18>	 <2,0.41>	
780:	 <-1,0.06>	 <0,0.41>	 <1,0.00>	 <2,0.53>	
781:	 <-1,0.47>	 <0,0.47>	 <1,0.06>	 <2,0.00>	
782:	 <-1,0.88>	 <0,0.12>	 <1,0.00>	 <2,0.00>	
783:	 <-1,0.24>	 <0,0.53>	 <1,0.06>	 <2,0.18>	
784:	 <-1,0.00>	 <0,0.41>	 <1,0.24>	 <2,0.35>	
785:	 <-1,0.82>	 <0,0.12>	 <1,0.06>	 <2,0.00>	
786:	 <-1,0.18>	 <0,0.76>	 <1,0.06>	 <2,0.00>	
787:	 <-1,0.53>	 <0,0.35>	 <1,0.06>	 <2,0.06>	
788:	 <-1,0.00>	 <0,0.35>	 <1,0.65>	 <2,0.00>	
789:	 <-1,0.12>	 <0,0.64>	 <1,0.24>	 <2,0.00>	
790:	 <-1,0.29>	 <0,0.24>	 <1,0.12>	 <2,0.35>	
791:	 <-1,0.00>	 <0,0.29>	 <1,0.71>	 <2,0.00>	
792:	 <-1,0.47>	 <0,0.41>	 <1,0.00>	 <2,0.12>	
793:	 <-1,0.00>	 <0,0.70>	 <1,0.18>	 <2,0.12>	
794:	 <-1,0.18>	 <0,0.64>	 <1,0.18>	 <2,0.00>	
795:	 <-1,0.41>	 <0,0.18>	 <1,0.00>	 <2,0.41>	
796:	 <-1,1.00>	 <0,0.00>	 <1,0.00>	 <2,0.00>	
797:	 <-1,1.00>	 <0,0.00>	 <1,0.00>	 <2,0.00>	
798:	 <-1,0.12>	 <0,0.41>	 <1,0.24>	 <2,0.24>	
799:	 <-1,0.06>	 <0,0.76>	 <1,0.12>	 <2,0.06>	
800:	 <-1,0.41>	 <0,0.53>	 <1,0.06>	 <2,0.00>	
801:	 <-1,0.70>	 <0,0.06>	 <1,0.00>	 <2,0.24>	
802:	 <-1,0.00>	 <0,0.59>	 <1,0.00>	 <2,0.41>	
803:	 <-1,0.59>	 <0,0.29>	 <1,0.06>	 <2,0.06>	
804:	 <-1,0.00>	 <0,0.18>	 <1,0.82>	 <2,0.00>	
805:	 <-1,0.47>	 <0,0.47>	 <1,0.06>	 <2,0.00>	
806:	 <-1,0.00>	 <0,0.94>	 <1,0.06>	 <2,0.00>	
807:	 <-1,0.76>	 <0,0.18>	 <1,0.06>	 <2,0.00>	
808:	 <-1,1.00>	 <0,0.00>	 <1,0.00>	 <2,0.00>	
809:	 <-1,0.06>	 <0,0.88>	 <1,0.00>	 <2,0.06>	
810:	 <-1,0.65>	 <0,0.29>	 <1,0.06>	 <2,0.00>	
811:	 <-1,1.00>	 <0,0.00>	 <1,0.00>	 <2,0.00>	
812:	 <-1,0.00>	 <0,0.06>	 <1,0.94>	 <2,0.00>	
813:	 <-1,0.06>	 <0,0.88>	 <1,0.06>	 <2,0.00>	
814:	 <-1,0.00>	 <0,0.06>	 <1,0.94>	 <2,0.00>	
815:	 <-1,0.76>	 <0,0.18>	 <1,0.00>	 <2,0.06>	
816:	 <-1,0.00>	 <0,0.29>	 <1,0.12>	 <2,0.59>	
817:	 <-1,0.12>	 <0,0.18>	 <1,0.12>	 <2,0.58>	
818:	 <-1,0.00>	 <0,0.59>	 <1,0.41>	 <2,0.00>	
819:	 <-1,0.06>	 <0,0.24>	 <1,0.70>	 <2,0.00>	
820:	 <-1,0.88>	 <0,0.12>	 <1,0.00>	 <2,0.00>	
821:	 <-1,0.18>	 <0,0.18>	 <1,0.58>	 <2,0.06>	
822:	 <-1,0.47>	 <0,0.35>	 <1,0.06>	 <2,0.12>	
823:	 <-1,0.76>	 <0,0.24>	 <1,0.00>	 <2,0.00>	
824:	 <-1,0.00>	 <0,0.06>	 <1,0.24>	 <2,0.70>	
825:	 <-1,0.06>	 <0,0.18>	 <1,0.12>	 <2,0.64>	
826:	 <-1,0.88>	 <0,0.00>	 <1,0.12>	 <2,0.00>	
827:	 <-1,0.00>	 <0,0.24>	 <1,0.00>	 <2,0.76>	
828:	 <-1,0.76>	 <0,0.24>	 <1,0.00>	 <2,0.00>	
829:	 <-1,1.00>	 <0,0.00>	 <1,0.00>	 <2,0.00>	
830:	 <-1,0.24>	 <0,0.58>	 <1,0.06>	 <2,0.12>	
831:	 <-1,0.06>	 <0,0.53>	 <1,0.29>	 <2,0.12>	
832:	 <-1,0.94>	 <0,0.06>	 <1,0.00>	 <2,0.00>	
833:	 <-1,0.29>	 <0,0.47>	 <1,0.18>	 <2,0.06>	
834:	 <-1,0.00>	 <0,0.41>	 <1,0.18>	 <2,0.41>	
835:	 <-1,0.00>	 <0,0.71>	 <1,0.29>	 <2,0.00>	
836:	 <-1,0.70>	 <0,0.24>	 <1,0.00>	 <2,0.06>	
837:	 <-1,0.00>	 <0,0.00>	 <1,1.00>	 <2,0.00>	
838:	 <-1,0.06>	 <0,0.88>	 <1,0.06>	 <2,0.00>	
839:	 <-1,0.06>	 <0,0.88>	 <1,0.00>	 <2,0.06>	
840:	 <-1,0.06>	 <0,0.06>	 <1,0.06>	 <2,0.82>	
841:	 <-1,0.00>	 <0,1.00>	 <1,0.00>	 <2,0.00>	
842:	 <-1,0.94>	 <0,0.06>	 <1,0.00>	 <2,0.00>	
843:	 <-1,0.64>	 <0,0.06>	 <1,0.12>	 <2,0.18>	
844:	 <-1,1.00>	 <0,0.00>	 <1,0.00>	 <2,0.00>	
845:	 <-1,0.76>	 <0,0.18>	 <1,0.06>	 <2,0.00>	
846:	 <-1,0.58>	 <0,0.12>	 <1,0.06>	 <2,0.24>	
847:	 <-1,0.24>	 <0,0.70>	 <1,0.00>	 <2,0.06>	
848:	 <-1,0.24>	 <0,0.64>	 <1,0.12>	 <2,0.00>	
849:	 <-1,0.06>	 <0,0.12>	 <1,0.82>	 <2,0.00>	
850:	 <-1,0.06>	 <0,0.59>	 <1,0.35>	 <2,0.00>	
851:	 <-1,0.35>	 <0,0.59>	 <1,0.06>	 <2,0.00>	
852:	 <-1,0.00>	 <0,0.06>	 <1,0.47>	 <2,0.47>	
853:	 <-1,0.94>	 <0,0.06>	 <1,0.00>	 <2,0.00>	
854:	 <-1,0.82>	 <0,0.12>	 <1,0.00>	 <2,0.06>	
855:	 <-1,0.47>	 <0,0.24>	 <1,0.29>	 <2,0.00>	
856:	 <-1,0.00>	 <0,0.94>	 <1,0.06>	 <2,0.00>	
857:	 <-1,0.06>	 <0,0.12>	 <1,0.53>	 <2,0.29>	
858:	 <-1,0.64>	 <0,0.12>	 <1,0.24>	 <2,0.00>	
859:	 <-1,0.00>	 <0,0.29>	 <1,0.71>	 <2,0.00>	
860:	 <-1,0.06>	 <0,0.88>	 <1,0.06>	 <2,0.00>	
861:	 <-1,0.00>	 <0,0.00>	 <1,1.00>	 <2,0.00>	
862:	 <-1,0.06>	 <0,0.94>	 <1,0.00>	 <2,0.00>	
863:	 <-1,0.00>	 <0,0.94>	 <1,0.06>	 <2,0.00>	
864:	 <-1,0.12>	 <0,0.88>	 <1,0.00>	 <2,0.00>	
865:	 <-1,0.88>	 <0,0.12>	 <1,0.00>	 <2,0.00>	
866:	 <-1,0.00>	 <0,0.29>	 <1,0.71>	 <2,0.00>	
867:	 <-1,1.00>	 <0,0.00>	 <1,0.00>	 <2,0.00>	
868:	 <-1,0.00>	 <0,0.12>	 <1,0.82>	 <2,0.06>	
869:	 <-1,0.47>	 <0,0.29>	 <1,0.24>	 <2,0.00>	
870:	 <-1,0.00>	 <0,0.12>	 <1,0.88>	 <2,0.00>	
871:	 <-1,0.00>	 <0,1.00>	 <1,0.00>	 <2,0.00>	
872:	 <-1,0.35>	 <0,0.35>	 <1,0.06>	 <2,0.24>	
873:	 <-1,0.18>	 <0,0.00>	 <1,0.06>	 <2,0.76>	
874:	 <-1,0.88>	 <0,0.12>	 <1,0.00>	 <2,0.00>	
875:	 <-1,0.82>	 <0,0.12>	 <1,0.00>	 <2,0.06>	
876:	 <-1,0.41>	 <0,0.12>	 <1,0.00>	 <2,0.47>	
877:	 <-1,0.70>	 <0,0.12>	 <1,0.18>	 <2,0.00>	
878:	 <-1,0.00>	 <0,1.00>	 <1,0.00>	 <2,0.00>	
879:	 <-1,0.59>	 <0,0.06>	 <1,0.00>	 <2,0.35>	
880:	 <-1,0.59>	 <0,0.35>	 <1,0.06>	 <2,0.00>	
881:	 <-1,0.00>	 <0,0.29>	 <1,0.41>	 <2,0.29>	
882:	 <-1,0.53>	 <0,0.47>	 <1,0.00>	 <2,0.00>	
883:	 <-1,1.00>	 <0,0.00>	 <1,0.00>	 <2,0.00>	
884:	 <-1,0.06>	 <0,0.88>	 <1,0.06>	 <2,0.00>	
885:	 <-1,0.71>	 <0,0.29>	 <1,0.00>	 <2,0.00>	
886:	 <-1,0.00>	 <0,0.82>	 <1,0.12>	 <2,0.06>	
887:	 <-1,0.70>	 <0,0.12>	 <1,0.00>	 <2,0.18>	
888:	 <-1,0.24>	 <0,0.76>	 <1,0.00>	 <2,0.00>	
889:	 <-1,0.71>	 <0,0.29>	 <1,0.00>	 <2,0.00>	
890:	 <-1,1.00>	 <0,0.00>	 <1,0.00>	 <2,0.00>	
891:	 <-1,0.00>	 <0,0.29>	 <1,0.71>	 <2,0.00>	
892:	 <-1,0.00>	 <0,0.24>	 <1,0.70>	 <2,0.06>	
893:	 <-1,0.24>	 <0,0.53>	 <1,0.18>	 <2,0.06>	
894:	 <-1,0.06>	 <0,0.29>	 <1,0.35>	 <2,0.29>	
895:	 <-1,0.18>	 <0,0.76>	 <1,0.06>	 <2,0.00>	
896:	 <-1,0.00>	 <0,0.06>	 <1,0.94>	 <2,0.00>	
897:	 <-1,0.12>	 <0,0.41>	 <1,0.24>	 <2,0.24>	
898:	 <-1,0.00>	 <0,0.24>	 <1,0.76>	 <2,0.00>	
899:	 <-1,0.00>	 <0,0.24>	 <1,0.47>	 <2,0.29>	
900:	 <-1,1.00>	 <0,0.00>	 <1,0.00>	 <2,0.00>	
901:	 <-1,0.12>	 <0,0.53>	 <1,0.00>	 <2,0.35>	
902:	 <-1,0.00>	 <0,0.24>	 <1,0.58>	 <2,0.18>	
903:	 <-1,1.00>	 <0,0.00>	 <1,0.00>	 <2,0.00>	
904:	 <-1,0.00>	 <0,1.00>	 <1,0.00>	 <2,0.00>	
905:	 <-1,0.59>	 <0,0.29>	 <1,0.00>	 <2,0.12>	
906:	 <-1,0.65>	 <0,0.35>	 <1,0.00>	 <2,0.00>	
907:	 <-1,0.70>	 <0,0.24>	 <1,0.00>	 <2,0.06>	
908:	 <-1,0.59>	 <0,0.06>	 <1,0.06>	 <2,0.29>	
909:	 <-1,0.00>	 <0,0.00>	 <1,1.00>	 <2,0.00>	
910:	 <-1,0.53>	 <0,0.47>	 <1,0.00>	 <2,0.00>	
911:	 <-1,0.82>	 <0,0.12>	 <1,0.00>	 <2,0.06>	
912:	 <-1,0.06>	 <0,0.18>	 <1,0.24>	 <2,0.53>	
913:	 <-1,0.53>	 <0,0.41>	 <1,0.06>	 <2,0.00>	
914:	 <-1,0.00>	 <0,0.00>	 <1,0.00>	 <2,1.00>	
915:	 <-1,0.00>	 <0,1.00>	 <1,0.00>	 <2,0.00>	
916:	 <-1,0.00>	 <0,0.35>	 <1,0.06>	 <2,0.59>	
917:	 <-1,0.00>	 <0,0.24>	 <1,0.29>	 <2,0.47>	
918:	 <-1,0.00>	 <0,0.00>	 <1,1.00>	 <2,0.00>	
919:	 <-1,0.94>	 <0,0.06>	 <1,0.00>	 <2,0.00>	
920:	 <-1,0.00>	 <0,0.12>	 <1,0.88>	 <2,0.00>	
921:	 <-1,0.12>	 <0,0.00>	 <1,0.24>	 <2,0.64>	
922:	 <-1,0.24>	 <0,0.58>	 <1,0.18>	 <2,0.00>	
923:	 <-1,0.71>	 <0,0.29>	 <1,0.00>	 <2,0.00>	
924:	 <-1,0.71>	 <0,0.00>	 <1,0.00>	 <2,0.29>	
925:	 <-1,0.53>	 <0,0.41>	 <1,0.00>	 <2,0.06>	
926:	 <-1,0.00>	 <0,0.41>	 <1,0.59>	 <2,0.00>	
927:	 <-1,0.00>	 <0,0.24>	 <1,0.29>	 <2,0.47>	
928:	 <-1,0.00>	 <0,0.82>	 <1,0.18>	 <2,0.00>	
929:	 <-1,0.47>	 <0,0.29>	 <1,0.00>	 <2,0.24>	
930:	 <-1,0.00>	 <0,0.24>	 <1,0.76>	 <2,0.00>	
931:	 <-1,0.82>	 <0,0.12>	 <1,0.00>	 <2,0.06>	
932:	 <-1,0.00>	 <0,0.88>	 <1,0.12>	 <2,0.00>	
933:	 <-1,0.82>	 <0,0.18>	 <1,0.00>	 <2,0.00>	
934:	 <-1,0.12>	 <0,0.70>	 <1,0.18>	 <2,0.00>	
935:	 <-1,0.35>	 <0,0.53>	 <1,0.12>	 <2,0.00>	
936:	 <-1,0.12>	 <0,0.00>	 <1,0.00>	 <2,0.88>	
937:	 <-1,0.24>	 <0,0.35>	 <1,0.18>	 <2,0.24>	
938:	 <-1,0.00>	 <0,0.00>	 <1,1.00>	 <2,0.00>	
939:	 <-1,0.58>	 <0,0.12>	 <1,0.06>	 <2,0.24>	
940:	 <-1,0.35>	 <0,0.65>	 <1,0.00>	 <2,0.00>	
941:	 <-1,0.24>	 <0,0.24>	 <1,0.00>	 <2,0.53>	
942:	 <-1,0.24>	 <0,0.29>	 <1,0.47>	 <2,0.00>	
943:	 <-1,0.00>	 <0,0.24>	 <1,0.76>	 <2,0.00>	
944:	 <-1,0.00>	 <0,1.00>	 <1,0.00>	 <2,0.00>	
945:	 <-1,0.00>	 <0,0.41>	 <1,0.59>	 <2,0.00>	
946:	 <-1,0.00>	 <0,0.12>	 <1,0.88>	 <2,0.00>	
947:	 <-1,0.24>	 <0,0.12>	 <1,0.00>	 <2,0.64>	
948:	 <-1,0.35>	 <0,0.12>	 <1,0.00>	 <2,0.53>	
949:	 <-1,0.88>	 <0,0.06>	 <1,0.00>	 <2,0.06>	
950:	 <-1,0.00>	 <0,0.29>	 <1,0.65>	 <2,0.06>	
951:	 <-1,0.00>	 <0,0.06>	 <1,0.82>	 <2,0.12>	
952:	 <-1,0.18>	 <0,0.18>	 <1,0.00>	 <2,0.64>	
953:	 <-1,0.00>	 <0,0.06>	 <1,0.94>	 <2,0.00>	
954:	 <-1,0.06>	 <0,0.53>	 <1,0.41>	 <2,0.00>	
955:	 <-1,0.41>	 <0,0.47>	 <1,0.00>	 <2,0.12>	
956:	 <-1,0.00>	 <0,0.88>	 <1,0.12>	 <2,0.00>	
957:	 <-1,0.71>	 <0,0.00>	 <1,0.29>	 <2,0.00>	
958:	 <-1,0.06>	 <0,0.47>	 <1,0.47>	 <2,0.00>	
959:	 <-1,0.00>	 <0,0.12>	 <1,0.88>	 <2,0.00>	
960:	 <-1,0.82>	 <0,0.06>	 <1,0.00>	 <2,0.12>	
961:	 <-1,0.00>	 <0,0.12>	 <1,0.41>	 <2,0.47>	
962:	 <-1,0.12>	 <0,0.70>	 <1,0.18>	 <2,0.00>	
963:	 <-1,0.00>	 <0,1.00>	 <1,0.00>	 <2,0.00>	
964:	 <-1,0.53>	 <0,0.35>	 <1,0.12>	 <2,0.00>	
965:	 <-1,0.76>	 <0,0.24>	 <1,0.00>	 <2,0.00>	
966:	 <-1,1.00>	 <0,0.00>	 <1,0.00>	 <2,0.00>	
967:	 <-1,0.12>	 <0,0.06>	 <1,0.00>	 <2,0.82>	
968:	 <-1,0.06>	 <0,0.29>	 <1,0.65>	 <2,0.00>	
969:	 <-1,0.00>	 <0,0.18>	 <1,0.82>	 <2,0.00>	
970:	 <-1,0.41>	 <0,0.29>	 <1,0.00>	 <2,0.29>	
971:	 <-1,0.12>	 <0,0.06>	 <1,0.00>	 <2,0.82>	
972:	 <-1,0.94>	 <0,0.06>	 <1,0.00>	 <2,0.00>	
973:	 <-1,0.53>	 <0,0.35>	 <1,0.06>	 <2,0.06>	
974:	 <-1,0.35>	 <0,0.06>	 <1,0.06>	 <2,0.53>	
975:	 <-1,0.47>	 <0,0.47>	 <1,0.06>	 <2,0.00>	
976:	 <-1,0.88>	 <0,0.06>	 <1,0.06>	 <2,0.00>	
977:	 <-1,0.94>	 <0,0.06>	 <1,0.00>	 <2,0.00>	
978:	 <-1,0.82>	 <0,0.12>	 <1,0.00>	 <2,0.06>	
979:	 <-1,0.35>	 <0,0.59>	 <1,0.06>	 <2,0.00>	
980:	 <-1,0.00>	 <0,1.00>	 <1,0.00>	 <2,0.00>	
981:	 <-1,0.12>	 <0,0.41>	 <1,0.35>	 <2,0.12>	
982:	 <-1,0.00>	 <0,0.53>	 <1,0.47>	 <2,0.00>	
983:	 <-1,0.24>	 <0,0.12>	 <1,0.12>	 <2,0.53>	
984:	 <-1,0.76>	 <0,0.18>	 <1,0.06>	 <2,0.00>	
985:	 <-1,0.59>	 <0,0.41>	 <1,0.00>	 <2,0.00>	
986:	 <-1,0.35>	 <0,0.53>	 <1,0.12>	 <2,0.00>	
987:	 <-1,0.12>	 <0,0.41>	 <1,0.47>	 <2,0.00>	
988:	 <-1,0.82>	 <0,0.12>	 <1,0.00>	 <2,0.06>	
989:	 <-1,0.00>	 <0,0.29>	 <1,0.71>	 <2,0.00>	
990:	 <-1,0.00>	 <0,0.00>	 <1,0.00>	 <2,1.00>	
991:	 <-1,0.94>	 <0,0.06>	 <1,0.00>	 <2,0.00>	
992:	 <-1,0.76>	 <0,0.24>	 <1,0.00>	 <2,0.00>	
993:	 <-1,0.00>	 <0,0.06>	 <1,0.94>	 <2,0.00>	
994:	 <-1,0.00>	 <0,0.18>	 <1,0.82>	 <2,0.00>	
995:	 <-1,0.00>	 <0,1.00>	 <1,0.00>	 <2,0.00>	
996:	 <-1,0.41>	 <0,0.53>	 <1,0.00>	 <2,0.06>	
997:	 <-1,0.00>	 <0,0.06>	 <1,0.94>	 <2,0.00>	
998:	 <-1,0.24>	 <0,0.29>	 <1,0.24>	 <2,0.24>	
999:	 <-1,0.29>	 <0,0.12>	 <1,0.06>	 <2,0.53>	
1000:	 <-1,0.12>	 <0,0.12>	 <1,0.00>	 <2,0.76>	
